-- phpMyAdmin SQL Dump
-- version 4.9.5
-- https://www.phpmyadmin.net/
--
-- Host: localhost:3306
-- Generation Time: Apr 21, 2023 at 08:31 AM
-- Server version: 10.5.16-MariaDB
-- PHP Version: 7.3.32

SET SQL_MODE = "NO_AUTO_VALUE_ON_ZERO";
SET AUTOCOMMIT = 0;
START TRANSACTION;
SET time_zone = "+00:00";


/*!40101 SET @OLD_CHARACTER_SET_CLIENT=@@CHARACTER_SET_CLIENT */;
/*!40101 SET @OLD_CHARACTER_SET_RESULTS=@@CHARACTER_SET_RESULTS */;
/*!40101 SET @OLD_COLLATION_CONNECTION=@@COLLATION_CONNECTION */;
/*!40101 SET NAMES utf8mb4 */;

--
-- Database: `id20352041_pxams`
--

-- --------------------------------------------------------

--
-- Table structure for table `account`
--

CREATE TABLE `account` (
  `account_id` int(11) NOT NULL,
  `full_name` varchar(255) DEFAULT NULL,
  `user_name` varchar(16) DEFAULT NULL,
  `password` varchar(255) DEFAULT NULL,
  `phone` int(11) DEFAULT NULL,
  `email` varchar(255) DEFAULT NULL,
  `dob` date DEFAULT NULL,
  `facebook` text DEFAULT NULL,
  `avatar` text DEFAULT NULL,
  `type` int(1) DEFAULT NULL
) ENGINE=InnoDB DEFAULT CHARSET=utf8mb4;

--
-- Dumping data for table `account`
--

INSERT INTO `account` (`account_id`, `full_name`, `user_name`, `password`, `phone`, `email`, `dob`, `facebook`, `avatar`, `type`) VALUES
(1, 'Administrator', 'admin', '41295219fa3a5ca7b4a5f6c06be76293', NULL, 'admin@pxams.com', '2001-05-13', NULL, NULL, NULL);

-- --------------------------------------------------------

--
-- Table structure for table `account_study_set`
--

CREATE TABLE `account_study_set` (
  `id` int(11) NOT NULL,
  `create_by` int(11) NOT NULL,
  `owner_id` int(11) DEFAULT NULL,
  `ss_id` bigint(20) NOT NULL,
  `date` date DEFAULT NULL,
  `type` varchar(32) COLLATE utf8_unicode_ci DEFAULT NULL,
  `active` tinyint(1) DEFAULT NULL
) ENGINE=InnoDB DEFAULT CHARSET=utf8 COLLATE=utf8_unicode_ci;

--
-- Dumping data for table `account_study_set`
--

INSERT INTO `account_study_set` (`id`, `create_by`, `owner_id`, `ss_id`, `date`, `type`, `active`) VALUES
(1, 1, 1, 1, '2023-02-28', 'OWNED', 1),
(2, 1, 1, 2, '2023-02-28', 'OWNED', 1),
(3, 1, 1, 3, '2023-03-29', 'OWNED', 1),
(4, 1, 1, 4, '2023-03-31', 'OWNED', 1),
(5, 1, 1, 5, '2023-04-01', 'OWNED', 1),
(6, 1, 1, 6, '2023-04-19', 'OWNED', 1);

-- --------------------------------------------------------

--
-- Table structure for table `learn_study_set`
--

CREATE TABLE `learn_study_set` (
  `learn_id` bigint(20) NOT NULL,
  `account_id` int(11) DEFAULT NULL,
  `ss_id` bigint(20) DEFAULT NULL,
  `progress` int(11) DEFAULT NULL
) ENGINE=InnoDB DEFAULT CHARSET=utf8 COLLATE=utf8_unicode_ci;

--
-- Dumping data for table `learn_study_set`
--

INSERT INTO `learn_study_set` (`learn_id`, `account_id`, `ss_id`, `progress`) VALUES
(1, 1, 1, 1),
(2, 1, 2, 107),
(3, 1, 3, 32),
(4, 1, 4, 90);

-- --------------------------------------------------------

--
-- Table structure for table `option_table`
--

CREATE TABLE `option_table` (
  `option_id` bigint(20) NOT NULL,
  `option_title` varchar(255) COLLATE utf8_unicode_ci DEFAULT NULL,
  `answer` tinyint(1) DEFAULT NULL,
  `question_id` bigint(20) NOT NULL
) ENGINE=InnoDB DEFAULT CHARSET=utf8 COLLATE=utf8_unicode_ci;

--
-- Dumping data for table `option_table`
--

INSERT INTO `option_table` (`option_id`, `option_title`, `answer`, `question_id`) VALUES
(1, 'years', 0, 1),
(2, 'enjoy', 0, 1),
(3, 'motorcycles', 0, 1),
(4, 'was', 1, 1),
(5, 'had told', 0, 2),
(6, 'come', 1, 2),
(7, 'was', 0, 2),
(8, 'would', 0, 2),
(9, ' buy', 1, 3),
(10, 'We', 0, 3),
(11, 'in Canada', 0, 3),
(12, 'are going', 0, 3),
(13, 'watched', 0, 4),
(14, 'are going to see', 0, 4),
(15, 'are eating', 1, 4),
(16, 'told', 0, 4),
(17, 'spending', 1, 5),
(18, 'loves', 0, 5),
(19, ' left', 0, 5),
(20, 'asked', 0, 5),
(21, 'am free', 0, 6),
(22, 'told', 0, 6),
(23, 'will make', 0, 6),
(24, 'want', 1, 6),
(25, 'The children sang, and danced.', 0, 7),
(26, 'The children, sang and danced.', 0, 7),
(27, 'The children sang and danced.', 1, 7),
(28, 'Tariq and Jordan, joined the soccer game and helped the team win.', 0, 8),
(29, 'Tariq and Jordan joined the soccer game and helped the team win.', 1, 8),
(30, 'Tariq and Jordan joined the soccer game, and helped the team win.', 0, 8),
(31, 'Jane watched a movie but Steve, read a book.', 0, 9),
(32, 'Jane watched a movie, but Steve read a book.', 1, 9),
(33, 'Jane watched a movie, but Steve, read a book.', 0, 9),
(34, 'The test was difficult, but we knew all of the answers.', 1, 10),
(35, 'The test was difficult however we knew all of the answers.', 0, 10),
(36, 'The test was difficult but we knew all of the answers.', 0, 10),
(37, 'Michael and Sam, gave Paul and me some tips on how to throw a basketball but didn\'t help with our form.', 0, 11),
(38, ' Michael and Sam gave Paul and me some tips on how to throw a basketball, but they didn\'t help with our form.', 1, 11),
(39, ' Michael and Sam gave Paul and me some tips on how to throw a basketball, but didn\'t help with our form.', 0, 11),
(40, 'Position', 0, 12),
(41, 'Brightness', 1, 12),
(42, 'Contrast', 0, 12),
(43, 'Noise', 0, 12),
(44, 'Optical', 0, 13),
(45, 'Digital', 1, 13),
(46, 'Electronic', 0, 13),
(47, 'Photographic', 0, 13),
(48, 'Height of image', 0, 14),
(49, 'Width of image', 0, 14),
(50, 'Amplitude of image', 1, 14),
(51, 'Resolution of image', 0, 14),
(52, 'Pixel is the elements of a digital image', 1, 15),
(53, 'Pixel is the elements of an analog image', 0, 15),
(54, 'Pixel is the cluster of a digital image', 0, 15),
(55, 'Pixel is the cluster of an analog image', 0, 15),
(56, 'Dynamic range', 1, 16),
(57, 'Band range', 0, 16),
(58, 'Peak range', 0, 16),
(59, 'Resolution range', 0, 16),
(60, 'Saturation', 0, 17),
(61, 'Hue', 1, 17),
(62, 'Brightness', 0, 17),
(63, 'Intensity', 0, 17),
(64, 'Saturation', 1, 18),
(65, 'Hue', 0, 18),
(66, 'Intensity', 0, 18),
(67, 'Brightness', 0, 18),
(68, 'Interpretation', 1, 19),
(69, 'Recognition', 0, 19),
(70, 'Acquisition', 0, 19),
(71, 'Segmentation', 0, 19),
(72, '256 X 256', 0, 20),
(73, '512 X 512', 1, 20),
(74, '1920 X 1080', 0, 20),
(75, '1080 X 1080', 0, 20),
(76, '4', 0, 21),
(77, '2', 1, 21),
(78, '8', 0, 21),
(79, '1', 0, 21),
(80, 'Image restoration', 0, 22),
(81, 'Image enhancement', 0, 22),
(82, 'Image acquisition', 1, 22),
(83, 'Segmentation', 0, 22),
(84, 'Image enhancement', 0, 23),
(85, 'Image acquisition', 0, 23),
(86, 'Segmentation', 0, 23),
(87, 'Wavelets', 1, 23),
(88, 'Wavelets', 0, 24),
(89, 'Segmentation', 0, 24),
(90, 'Representation and description', 0, 24),
(91, 'Morphological processing', 1, 24),
(92, 'Wavelets and multi resolution processing', 0, 25),
(93, 'Image enhancement', 0, 25),
(94, 'Image restoration', 1, 25),
(95, 'Image acquisition', 0, 25),
(96, '10', 1, 26),
(97, '9', 0, 26),
(98, '11', 0, 26),
(99, '12', 0, 26),
(100, 'Joint Photographic Expansion Group', 0, 27),
(101, 'Joint Photographic Experts Group', 1, 27),
(102, 'Joint Photographs Expansion Group', 0, 27),
(103, 'Joint Photographic Expanded Group', 0, 27),
(104, 'Segmentation', 0, 28),
(105, 'Representation ', 0, 28),
(106, 'Compression', 0, 28),
(107, 'Morphological processing', 1, 28),
(108, 'Object recognition', 1, 29),
(109, 'Morphological processing', 0, 29),
(110, 'Segmentation', 0, 29),
(111, 'Representation ', 0, 29),
(112, 'Deals with extracting attributes that result in some quantitative information of interest', 0, 30),
(113, 'Deals with techniques for reducing the storage required saving an image, or the bandwidth required transmitting it', 0, 30),
(114, 'Deals with partitioning an image into its constituent parts or objects', 1, 30),
(115, 'Deals with property in which images are subdivided successively into smaller regions', 0, 30),
(116, 'Image acquisition->Image enhancement->Image restoration->Color image processing->Compression->Wavelets and multi resolution processing->Morphological processing->Segmentation->Representation ', 0, 31),
(117, 'Image acquisition->Image enhancement->Image restoration->Color image processing->Wavelets and multi resolution processing->Compression->Morphological processing->Segmentation->Representation ', 1, 31),
(118, 'Image acquisition->Image enhancement->Color image processing->Image restoration->Wavelets and multi resolution processing->Compression->Morphological processing->Segmentation->Representation ', 0, 31),
(119, 'Image acquisition->Image enhancement->Image restoration->Color image processing->Wavelets and multi resolution processing->Compression->Morphological processing->Representation ', 0, 31),
(120, 'Sampling', 0, 32),
(121, 'Quantization', 0, 32),
(122, 'Both Sampling and Quantization', 1, 32),
(123, 'Neither Sampling nor Quantization', 0, 32),
(124, 'Coordinates', 0, 33),
(125, 'Amplitude', 0, 33),
(126, 'All of the mentioned', 1, 33),
(127, 'None of the mentioned', 0, 33),
(128, 'Digitizing the coordinate values', 1, 34),
(129, 'Digitizing the amplitude values', 0, 34),
(130, 'All of the mentioned', 0, 34),
(131, 'None of the mentioned', 0, 34),
(132, 'Digitizing the coordinate values', 0, 35),
(133, 'Digitizing the amplitude values', 1, 35),
(134, 'All of the mentioned', 0, 35),
(135, 'None of the mentioned', 0, 35),
(136, 'True', 1, 36),
(137, 'False', 0, 36),
(138, 'The number of sensors in the strip defines the sampling limitations in one direction and Mechanical motion in the other direction.', 0, 37),
(139, 'The number of sensors in the sensing array establishes the limits of sampling in both directions.', 0, 37),
(140, 'The number of mechanical increments when the sensor is activated to collect data.', 1, 37),
(141, 'None of the mentioned.', 0, 37),
(142, 'The number of sensors in the strip establishes the sampling limitations in one image direction and Mechanical motion in the other direction', 1, 38),
(143, 'The number of sensors in the sensing array establishes the limits of sampling in both directions', 0, 38),
(144, 'The number of mechanical increments when the sensor is activated to collect data', 0, 38),
(145, 'None of the mentioned', 0, 38),
(146, 'The number of sensors in the strip establishes the sampling limitations in one image direction and Mechanical motion in the other direction', 0, 39),
(147, 'The number of sensors in the sensing array defines the limits of sampling in both directions', 1, 39),
(148, 'The number of mechanical increments at which we activate the sensor to collect data', 0, 39),
(149, 'None of the mentioned', 0, 39),
(150, 'The number of samples', 0, 40),
(151, 'The discrete gray levels', 0, 40),
(152, 'All of the mentioned', 1, 40),
(153, 'None of the mentioned', 0, 40),
(154, 'Second sample along first row', 1, 41),
(155, 'First sample along second row', 0, 41),
(156, 'First sample along first row', 0, 41),
(157, 'Second sample along second row', 0, 41),
(158, 'Image element or Picture element', 0, 42),
(159, 'Pixel or Pel', 0, 42),
(160, 'All of the mentioned', 1, 42),
(161, 'None of the mentioned', 0, 42),
(162, '(x, y) are integers from Z2 and f is a function that assigns a gray-level value (from Z) to each distinct pair of coordinates (x, y)', 0, 43),
(163, '(x, y) are integers from R2 and f is a function that assigns a gray-level value (from R) to each distinct pair of coordinates (x, y)', 0, 43),
(164, '(x, y) are integers from R2 and f is a function that assigns a gray-level value (from Z) to each distinct pair of coordinates (x, y)', 0, 43),
(165, '(x, y) are integers from Z2 and f is a function that assigns a gray-level value (from R) to each distinct pair of coordinates (x, y)', 1, 43),
(166, 'The Digital image then becomes a 2-D function whose coordinates and amplitude values are integers', 1, 44),
(167, 'The Digital image then becomes a 1-D function whose coordinates and amplitude values are integers', 0, 44),
(168, 'The gray level can never be integer', 0, 44),
(169, 'None of the mentioned', 0, 44),
(170, 'M and N have to be positive integer', 1, 45),
(171, 'M and N have to be negative integer', 0, 45),
(172, 'M have to be negative and N have to be positive integer', 0, 45),
(173, 'M have to be positive and N have to be negative integer', 0, 45),
(174, 'An integer power of 2 i.e. L = 2k', 1, 46),
(175, 'A Real power of 2 i.e. L = 2k', 0, 46),
(176, 'Two times the integer value i.e. L = 2k', 0, 46),
(177, 'None of the mentioned', 0, 46),
(178, '[0, L - 1] and static range respectively', 0, 47),
(179, '[0, L / 2] and dynamic range respectively', 0, 47),
(180, '[0, L / 2] and static range respectively', 0, 47),
(181, '[0, L - 1] and dynamic range respectively', 1, 47),
(182, 'b=MNk', 1, 48),
(183, 'b=MNL', 0, 48),
(184, 'b=MLk', 0, 48),
(185, 'b=LNk', 0, 48),
(186, 'Low and High respectively', 0, 49),
(187, 'High and Low respectively', 1, 49),
(188, 'Both have High dynamic range, irrespective of gray levels span significance on gray scale', 0, 49),
(189, 'Both have Low dynamic range, irrespective of gray levels span significance on gray scale', 0, 49),
(190, 'True', 1, 50),
(191, 'False', 0, 50),
(192, '16384', 0, 51),
(193, '4096', 1, 51),
(194, '8192', 0, 51),
(195, '512', 0, 51),
(196, 'random', 0, 52),
(197, 'vertex', 0, 52),
(198, 'contour', 0, 52),
(199, 'sampling', 1, 52),
(200, 'Quantisation', 1, 53),
(201, 'Sampling', 0, 53),
(202, 'Rasterisation', 0, 53),
(203, 'None of the Mentioned', 0, 53),
(204, 'Pixillation', 0, 54),
(205, 'Blurring', 0, 54),
(206, 'False Contours', 1, 54),
(207, 'None of the Mentioned', 0, 54),
(208, 'Intensity Resolution', 1, 55),
(209, 'Contour', 0, 55),
(210, 'Saturation', 0, 55),
(211, 'Contrast', 0, 55),
(212, 'Sampling', 0, 56),
(213, 'Interpolation', 1, 56),
(214, 'Filters', 0, 56),
(215, 'None of the Mentioned', 0, 56),
(216, 'bicubic interpolation', 0, 57),
(217, 'cubic interpolation', 0, 57),
(218, 'bilinear interpolation', 0, 57),
(219, 'nearest neighbour interpolation', 1, 57),
(220, 'cubic interpolation', 0, 58),
(221, 'nearest neighbour interpolation', 1, 58),
(222, 'bilinear interpolation', 0, 58),
(223, 'bicubic interpolation', 0, 58),
(224, 'Saturation', 1, 59),
(225, 'Noise', 0, 59),
(226, 'Brightness', 0, 59),
(227, 'Contrast', 0, 59),
(228, 'Saturation', 0, 60),
(229, 'Brightness', 0, 60),
(230, 'Noise', 1, 60),
(231, 'Contrast', 0, 60),
(232, 'line pairs', 0, 61),
(233, 'pixels', 0, 61),
(234, 'dots', 0, 61),
(235, 'none of the Mentioned', 1, 61),
(236, 'Microdensitometer', 0, 62),
(237, 'Photodiode', 1, 62),
(238, 'CMOS', 0, 62),
(239, 'None of the Mentioned', 0, 62),
(240, 'A photodiode', 0, 63),
(241, 'Sensor strips', 1, 63),
(242, 'Sensor arrays', 0, 63),
(243, 'CMOS', 0, 63),
(244, 'Computer Aided Telegraphy', 0, 64),
(245, 'Computer Aided Tomography', 0, 64),
(246, 'Computerised Axial Telegraphy', 0, 64),
(247, 'Computerised Axial Tomography', 1, 64),
(248, 'Spacial Domain', 1, 65),
(249, 'Coordinate Axes', 0, 65),
(250, 'Plane of Symmetry', 0, 65),
(251, 'None of the Mentioned', 0, 65),
(252, 'Noise', 0, 66),
(253, 'Saturation', 0, 66),
(254, 'Contrast', 1, 66),
(255, 'Brightness', 0, 66),
(256, 'Gaussian smooth', 0, 67),
(257, 'Contouring', 0, 67),
(258, 'False Contouring', 1, 67),
(259, 'Interpolation', 0, 67),
(260, 'Acquisition', 0, 68),
(261, 'Interpolation', 1, 68),
(262, 'Pixelation', 0, 68),
(263, 'None of the Mentioned', 0, 68),
(264, 'Shading Correction', 0, 69),
(265, 'Masking', 0, 69),
(266, 'Pixelation', 1, 69),
(267, 'Region of Interest operations', 0, 69),
(268, 'Neighbourhood Operations', 0, 70),
(269, 'Image Registration', 0, 70),
(270, 'Geometric Spacial Transformation', 0, 70),
(271, 'Single Pixel Operation', 1, 70),
(272, 'Tie points', 1, 71),
(273, 'Réseau points', 0, 71),
(274, 'Known points', 0, 71),
(275, 'Key-points', 0, 71),
(276, 'UV Rays', 0, 72),
(277, 'Gamma Rays', 1, 72),
(278, 'Microwaves', 0, 72),
(279, 'Radio Waves', 0, 72),
(280, 'Violet', 0, 73),
(281, 'Blue', 0, 73),
(282, 'Red', 1, 73),
(283, 'Yellow', 0, 73),
(284, 'c = wavelength / frequency', 0, 74),
(285, 'frequency = wavelength / c', 0, 74),
(286, 'wavelength = c * frequency', 0, 74),
(287, 'c = wavelength * frequency', 1, 74),
(288, 'sine wave', 1, 75),
(289, 'cosine wave', 0, 75),
(290, 'tangential wave', 0, 75),
(291, 'None of the mentioned', 0, 75),
(292, 'lumens', 0, 76),
(293, 'watts', 1, 76),
(294, 'armstrong', 0, 76),
(295, 'hertz', 0, 76),
(296, 'Hard X-Rays', 0, 77),
(297, 'Soft X-Rays', 1, 77),
(298, 'Radio waves', 0, 77),
(299, 'Infrared Rays', 0, 77),
(300, 'Frequency', 0, 78),
(301, 'Radiance', 0, 78),
(302, 'Luminance', 0, 78),
(303, 'Brightness', 1, 78),
(304, 'Photon', 1, 79),
(305, 'Shell', 0, 79),
(306, 'Electron', 0, 79),
(307, 'None of the mentioned', 0, 79),
(308, 'Chromatic light', 0, 80),
(309, 'Monochromatic light', 1, 80),
(310, 'Infrared light', 0, 80),
(311, 'Invisible light', 0, 80),
(312, 'Luminance', 0, 81),
(313, 'Brightness', 1, 81),
(314, 'Frequency', 0, 81),
(315, 'Radiance', 0, 81),
(316, 'array by array', 0, 82),
(317, 'pixel by pixel', 1, 82),
(318, 'column by column', 0, 82),
(319, 'row by row', 0, 82),
(320, 'additivity', 1, 83),
(321, 'heterogeneity', 0, 83),
(322, 'homogeneity', 0, 83),
(323, 'None of the Mentioned', 0, 83),
(324, 'additivity', 0, 84),
(325, 'heterogeneity', 0, 84),
(326, 'homogeneity', 1, 84),
(327, 'None of the Mentioned', 0, 84),
(328, 'Additivity', 0, 85),
(329, 'Homogeneity', 0, 85),
(330, 'Subtraction', 1, 85),
(331, 'None of the Mentioned', 0, 85),
(332, 'Mask mode radiography', 1, 86),
(333, 'MRI scan', 0, 86),
(334, 'CT scan', 0, 86),
(335, 'None of the Mentioned', 0, 86),
(336, 'Shading correction', 0, 87),
(337, 'Masking', 1, 87),
(338, 'Dilation', 0, 87),
(339, 'None of the Mentioned', 0, 87),
(340, 'Disjoint set', 0, 88),
(341, 'Union', 0, 88),
(342, 'Subset', 1, 88),
(343, 'Complement set', 0, 88),
(344, 'OR', 1, 89),
(345, 'AND', 0, 89),
(346, 'NOT', 0, 89),
(347, 'XOR', 0, 89),
(348, 'Tie Points', 0, 90),
(349, 'Control Points', 0, 90),
(350, 'Reseau Marks', 1, 90),
(351, 'None of the Mentioned', 0, 90),
(352, 'Transform domain', 0, 91),
(353, 'Spatial domain', 1, 91),
(354, 'Inverse transformation', 0, 91),
(355, 'None of the Mentioned', 0, 91),
(356, 'True', 1, 92),
(357, 'False', 0, 92),
(358, 'Median of pixels', 0, 93),
(359, 'Maximum of pixels', 0, 93),
(360, 'Minimum of pixels', 0, 93),
(361, 'Average of pixels', 1, 93),
(362, 'True', 0, 94),
(363, 'False', 1, 94),
(364, 'Smooth transitions of gray levels', 0, 95),
(365, 'Smooth transitions of brightness levels', 0, 95),
(366, 'Sharp transitions of gray levels', 1, 95),
(367, 'Sharp transitions of brightness levels', 0, 95),
(368, 'Blur edges', 1, 96),
(369, 'Blur inner pixels', 0, 96),
(370, 'Remove sharp transitions', 0, 96),
(371, 'Sharp edges', 0, 96),
(372, 'True', 0, 97),
(373, 'False', 1, 97),
(374, 'Sharpening spatial filter', 0, 98),
(375, 'Median filter', 0, 98),
(376, 'Sharpening frequency filter', 0, 98),
(377, 'Smoothing spatial filter', 1, 98),
(378, 'Sharpening spatial filter', 0, 99),
(379, 'Median filter', 0, 99),
(380, 'Smoothing spatial filter', 1, 99),
(381, 'Sharpening frequency filter', 0, 99),
(382, 'True', 1, 100),
(383, 'False', 0, 100),
(384, '3', 0, 101),
(385, '5', 0, 101),
(386, '9', 0, 101),
(387, '15', 1, 101),
(388, 'Object detection', 0, 102),
(389, 'Gross representation', 1, 102),
(390, 'Object motion', 0, 102),
(391, 'Image segmentation', 0, 102),
(392, 'Nonlinear smoothing filters', 1, 103),
(393, 'Linear smoothing filters', 0, 103),
(394, 'Sharpening filters', 0, 103),
(395, 'Geometric mean filter', 0, 103),
(396, 'Linear spatial filter', 0, 104),
(397, 'Frequency domain filter', 0, 104),
(398, 'Order static filter', 1, 104),
(399, 'Sharpening filter', 0, 104),
(400, 'True', 1, 105),
(401, 'False', 0, 105),
(402, 'n^2', 0, 106),
(403, 'n^/2', 1, 106),
(404, '2*n^2', 0, 106),
(405, 'n', 0, 106),
(406, 'g(x,y)=T[f(x,y)]', 1, 107),
(407, 'f(x y)=T[g(x y)]', 0, 107),
(408, 'g(xy)=T[f(xy)]', 0, 107),
(409, 'g(x-y)=T[f(x-y)]', 0, 107),
(410, 'Linear, logarithmic and inverse law', 0, 108),
(411, 'Power law, logarithmic and inverse law', 1, 108),
(412, 'Linear, logarithmic and power law', 0, 108),
(413, 'Linear, exponential and inverse law', 0, 108),
(414, 's=L 1-r', 0, 109),
(415, 's=L 1 r', 0, 109),
(416, 's=L-1-r', 1, 109),
(417, 's=L-1 r', 0, 109),
(418, 's=clog_10(1/r)', 0, 110),
(419, 's=clog_10(1 r)', 1, 110),
(420, 's=clog_10(1*r)', 0, 110),
(421, 's=clog_10(1-r)', 0, 110),
(422, 's=cr^γ', 1, 111),
(423, 'c=sr^γ', 0, 111),
(424, 's=rc', 0, 111),
(425, 's=rc^γ', 0, 111),
(426, 'Beta correction', 0, 112),
(427, 'Alpha correction', 0, 112),
(428, 'Gamma correction', 1, 112),
(429, 'Pie correction', 0, 112),
(430, 'Log transformation', 0, 113),
(431, 'Power transformation', 0, 113),
(432, 'Piece-wise transformation', 1, 113),
(433, 'Linear transformation', 0, 113),
(434, 'The transformation is not a linear function that produces no changes in gray levels', 0, 114),
(435, 'The transformation is a linear function that produces no changes in gray levels', 1, 114),
(436, 'The transformation is a linear function that produces changes in gray levels', 0, 114),
(437, 'The transformation is not a linear function that produces changes in gray levels', 0, 114),
(438, 'The transformation becomes a thresholding function that creates an octal image', 0, 115),
(439, 'The transformation becomes a override function that creates an octal image', 0, 115),
(440, 'The transformation becomes a thresholding function that creates a binary image', 1, 115),
(441, 'The transformation becomes a thresholding function that do not create an octal image', 0, 115),
(442, 'The transformation function is double valued and exponentially increasing', 0, 116),
(443, 'The transformation function is double valued and monotonically increasing', 0, 116),
(444, 'The transformation function is single valued and exponentially increasing', 0, 116),
(445, 'The transformation function is single valued and monotonically increasing', 1, 116),
(446, 'Gray-level slicing', 1, 117),
(447, 'Bit-plane slicing', 0, 117),
(448, 'Contrast stretching', 0, 117),
(449, 'Byte-level slicing', 0, 117),
(450, 'Highlighting a specific range of gray levels in an image', 0, 118),
(451, 'Highlighting the contribution made to total image appearance by specific bits', 1, 118),
(452, 'Highlighting the contribution made to total image appearance by specific byte', 0, 118),
(453, 'Highlighting the contribution made to total image appearance by specific pixels', 0, 118),
(454, 'You cannot a custom layout for a Toast', 1, 119),
(455, 'A Toast can only created by an Activity class', 0, 119),
(456, 'There no need to close or hide a Toast, since it closes automatically.', 1, 119),
(457, 'A Toast is displayed for only one of the following periods: Toast.LENGHT_SHORT or Toast.LENGHT_LONG', 1, 119),
(458, 'LogCat UI tool is availiable inside Android Studio.', 1, 120),
(459, 'You can create a log in your application using Log.v(String, String)', 1, 120),
(460, 'Each log message hag a tag', 1, 120),
(461, 'Only one of your applications can create log entries, and it should be component class(Activity, Service,..ect)', 0, 120),
(462, 'The activities contains in the application', 0, 121),
(463, 'The permissions required by the application', 0, 121),
(464, 'The application\'s minimun SDK version required', 0, 121),
(465, 'The handset model compatible with your application', 1, 121),
(466, 'View', 1, 122),
(467, 'ViewGroup', 0, 122),
(468, 'Context', 0, 122),
(469, 'Activity', 0, 122),
(470, 'ArayAdapter(Context context)', 0, 123),
(471, 'ArayAdapter(Context context, int resourse)', 1, 123),
(472, 'ArayAdapter(Context context, int resourse, int textViewResourceId)', 1, 123),
(473, 'ArayAdapter(Context context, int ressourse, List<T>items)', 1, 123),
(474, 'onStop', 1, 124),
(475, 'onPause', 0, 124),
(476, 'onDestroy', 0, 124),
(477, 'onHide', 0, 124),
(478, '<uses-permission android:name=\"android.Internet\"/>', 1, 125),
(479, '<uses-permission android:name=\"android.Internet\"></uses-permission>', 1, 125),
(480, '<uses-permission android:name=\"android.permission.Internet\">', 1, 125),
(481, '<uses-permission android:name=\"android.permission.Internet\"/>', 0, 125),
(482, 'What two methods you have to override when implementing Androif context menus?', 0, 126),
(483, 'What two methods you have to override when implementing Androif context menus?', 1, 126),
(484, 'What two methods you have to override when implementing Androif context menus?', 0, 126),
(485, 'What two methods you have to override when implementing Androif context menus?', 0, 126),
(486, 'onItemClicked', 0, 127),
(487, 'onItemSelected', 0, 127),
(488, 'onOptionsItemClicked', 0, 127),
(489, 'onOptionsItemClicked', 1, 127),
(490, 'ListView', 0, 128),
(491, 'Layout', 0, 128),
(492, 'View', 1, 128),
(493, 'ViewGroup', 0, 128),
(494, 'Main thread and worker threads', 1, 129),
(495, 'Main thread and UI thread', 0, 129),
(496, 'Activities and services', 0, 129),
(497, 'Main thread and background process', 0, 129),
(498, 'It start a new activity and destroys the previous one', 0, 130),
(499, 'It start a new activity and sends it to the foreground', 1, 130),
(500, 'It start a new activity and resumes the previous one', 0, 130),
(501, 'It starts a new activity in a paused madel', 0, 130),
(502, 'Its is a popus menu that displays a list of item in a vertical list anchored to the view that invoked the menu', 0, 131),
(503, 'Its is a floating menu that appears when the user performs a long-click on an element. It provides actions that affect the selected content or contect frame', 0, 131),
(504, 'It is the primary collection of menu items for an activity where you should place actions that have a global on the app, such as \"Search,\" \"Compose email,\" and\"Settings\"', 1, 131),
(505, 'It is a type of List Activity with predefined headers and footers for specialcommands', 0, 131),
(506, 'android.permission.ACCESS_LOCATION', 0, 132),
(507, 'android.permission.ACCESS_LOCATION_FINE', 0, 132),
(508, 'android.permission.ACCESS_FINE_LOCATION', 1, 132),
(509, 'All answers are incorrect', 0, 132),
(510, 'RelativeLayout', 0, 133),
(511, 'LinearLayout.', 0, 133),
(512, 'TableLayout', 0, 133),
(513, 'FrameLayout', 1, 133),
(514, 'setonClickListener', 0, 134),
(515, 'setOnItemClickListener', 1, 134),
(516, 'setonItemClicked', 0, 134),
(517, 'setonLisItemClickListener', 0, 134),
(518, 'It creates a textView for each String in array items.', 1, 135),
(519, 'It creates Buttons for each String in array items.', 0, 135),
(520, 'It creates four views for listView', 0, 135),
(521, 'AndroidMainfest', 0, 136),
(522, 'resources', 0, 136),
(523, 'res', 1, 136),
(524, 'java', 0, 136),
(525, 'src', 0, 136),
(526, 'In order to display a UI in the XML layout file\"main.xml\", call the setContentView method of the activity with the parameter string \"main.xml\"', 1, 137),
(527, 'The is no distinction between implementation of the layout definition by code, or by XML layout file', 1, 137),
(528, 'In a project using the ADT plugin, the XML layout file is found in the/res/layoutdirectory', 0, 137),
(529, 'Layout information written in thje XML layout file will be converted into code by the Android platform when the screen is displayed', 1, 137),
(530, 'Java ME', 0, 138),
(531, 'Java SE', 1, 138),
(532, 'Java EE', 0, 138),
(533, 'JAX-WS', 0, 138),
(534, 'Activity', 1, 139),
(535, 'Content provider', 1, 139),
(536, 'RecyclerView', 0, 139),
(537, 'Fregment', 0, 139),
(538, 'startActivityForResult', 1, 140),
(539, 'startActivity', 0, 140),
(540, 'startActivities', 0, 140),
(541, 'Both of A and B', 0, 140),
(542, 'Adapter', 0, 141),
(543, 'ItemView', 0, 141),
(544, 'ViewHolder', 1, 141),
(545, 'All of the above', 0, 141),
(546, 'remove()', 0, 142),
(547, 'delete()', 0, 142),
(548, 'clear()', 1, 142),
(549, 'destroy()', 0, 142),
(550, 'LinearLayout', 0, 143),
(551, 'RelativeLayout', 1, 143),
(552, 'CoordinatorLayout', 0, 143),
(553, 'All of the above', 0, 143),
(554, 'Activity', 0, 144),
(555, 'Service', 0, 144),
(556, 'BroadcastReceiver', 1, 144),
(557, 'Intent', 0, 144),
(558, 'onPause()', 1, 145),
(559, 'onResume()', 0, 145),
(560, 'onStop()', 1, 145),
(561, 'onRestart()', 0, 145),
(562, 'Libs directory', 0, 146),
(563, 'Setting.gradle', 0, 146),
(564, 'Build.gradle', 1, 146),
(565, 'AndroidManifest', 0, 146),
(566, 'Model', 1, 147),
(567, 'View', 1, 147),
(568, 'View model', 1, 147),
(569, 'Presenter', 0, 147),
(570, 'postValue()', 1, 148),
(571, 'setValue()', 1, 148),
(572, 'publish()', 0, 148),
(573, 'Asign', 0, 148),
(574, 'Entity', 1, 149),
(575, 'DatabaseHelper', 0, 149),
(576, 'Repository', 1, 149),
(577, 'DAO', 1, 149),
(578, 'All of above', 0, 149),
(579, 'Stogage', 0, 150),
(580, 'Permission', 1, 150),
(581, 'Database', 0, 150),
(582, 'All of the above', 0, 150),
(583, 'Developing models of software.', 0, 151),
(584, 'Designing software applications before coding.', 1, 151),
(585, 'Developing software diagrams.', 0, 151),
(586, 'Developing software prototypes.', 0, 151),
(587, 'A programming language for describing object-oriented models.', 0, 152),
(588, 'A diagramming tool for drawing object-oriented models.', 0, 152),
(589, 'A graphical language for describing object-oriented models.', 0, 152),
(590, 'A standardized graphical language and notation for describing object-oriented models', 1, 152),
(591, 'The software inside a building.', 0, 153),
(592, 'The structure of a client/server system.', 0, 153),
(593, 'The overall structure of a software system.', 1, 153),
(594, 'The software classes and their relationships.', 0, 153),
(595, 'Notes about the software design.', 0, 154),
(596, 'A graphical or textual description of the software.', 1, 154),
(597, 'Documentation of the software.', 0, 154),
(598, 'A systematic approach for producing a design.', 0, 154),
(599, 'A graphical or textual description of the software.', 0, 155),
(600, 'Documentation of the software.', 0, 155),
(601, 'A fundamental idea that can be applied to designing a system.', 1, 155),
(602, 'A systematic approach for producing a design.', 0, 155),
(603, 'A graphical or textual description of the software.', 0, 156),
(604, 'A fundamental idea that can be applied to designing a system.', 0, 156),
(605, 'A systematic approach for producing a design.', 0, 156),
(606, 'An overall plan and direction for developing a design.', 1, 156),
(607, 'Fundamental ideas that can be applied to designing a system.', 0, 157),
(608, 'Systematic approaches for producing a design.', 0, 157),
(609, 'Guidelines used to help in structuring a software system into its components.', 1, 157),
(610, 'Overall plans for developing a design.', 0, 157),
(611, 'A systematic approach for producing a design.', 1, 158),
(612, 'Guidelines used to help in structuring a software system into its components.', 0, 158),
(613, 'An overall plan for developing a design.', 0, 158),
(614, 'A graphical or textual description of the software.', 0, 158),
(625, 'An oval', 0, 159),
(626, 'A stick figure', 1, 159),
(627, 'A box', 0, 159),
(628, 'A dashed line', 0, 159),
(629, 'An oval', 1, 160),
(630, 'A stick figure', 0, 160),
(631, 'A box', 0, 160),
(632, 'A dashed line', 0, 160),
(633, 'A box with one compartment', 0, 161),
(634, 'A box with one or two compartments', 0, 161),
(635, 'A box with one, two, or three compartments', 1, 161),
(636, 'An oval', 0, 161),
(637, 'A solid line joining two class boxes', 1, 162),
(638, 'A dashed line joining two class boxes', 0, 162),
(639, 'A diamond touching the upper-class box', 0, 162),
(640, 'An arrowhead touching the upper-class box', 0, 162),
(641, '+ sign', 1, 163),
(642, '− sign', 0, 163),
(643, '# sign', 0, 163),
(644, '∗sign', 0, 163),
(645, 'Class diagram and sequence diagram', 0, 164),
(646, 'Sequence diagram and communication diagram', 1, 164),
(647, 'Class diagram and communication diagram', 0, 164),
(648, 'Statechart and communication diagram', 0, 164),
(649, 'Objects and links', 0, 165),
(650, 'Classes and relationships', 0, 165),
(651, 'Objects and messages', 1, 165),
(652, 'States and events', 0, 165),
(653, 'Objects and links', 0, 166),
(654, 'Classes and relationships', 0, 166),
(655, 'Objects and messages', 0, 166),
(656, 'States and events', 1, 166),
(657, 'A box', 0, 167),
(658, 'A grouping of classes', 0, 167),
(659, 'A grouping of use cases', 0, 167),
(660, 'A grouping of model elements', 1, 167),
(661, 'The physical configuration of the system in terms of physical classes and physical connections between the classes', 0, 168),
(662, 'The physical configuration of the system in terms of physical objects and physical connections between the objects', 0, 168),
(663, 'The physical configuration of the system in terms of physical nodes and physical connections between the nodes', 1, 168),
(664, 'The physical configuration of the system in terms of physical computers and physical networks between the computers', 0, 168),
(665, 'The life of the software', 0, 169),
(666, 'A cyclic approach to developing software', 0, 169),
(667, 'A phased approach to developing software', 1, 169),
(668, 'The life of software developed in cycles', 0, 169),
(669, 'Software developed under a waterfall', 0, 170),
(670, 'A process model in which each phase is completed before the next phase is started', 1, 170),
(671, 'A process model in which phases are overlapped', 0, 170),
(672, 'A process model in which phases are cyclic', 0, 170),
(673, 'Software is developed in phases.', 0, 171),
(674, 'Each phase is completed before the next phase is started.', 0, 171),
(675, 'Software development is cyclic.', 0, 171),
(676, 'Software requirements are not properly tested until a working system is available', 1, 171),
(677, 'A software platform before a commitment is made to a specific hardware platform.', 0, 172),
(678, 'A precise model of the software architecture before a commitment is made to a specific platform.', 1, 172),
(679, 'A precise model of the software architecture mapped to a specific platform.', 0, 172),
(680, 'A graphical or textual description of the software.', 0, 172),
(681, 'A specific hardware platform.', 0, 173),
(682, 'A precise model of the software architecture before a commitment is made to a specific platform.', 0, 173),
(683, 'A precise model of the software architecture mapped to a specific platform.', 1, 173),
(684, 'A graphical or textual description of the software.', 0, 173),
(685, 'Phased software development', 0, 174),
(686, 'Throwaway prototyping', 1, 174),
(687, 'Evolutionary prototyping', 0, 174),
(688, 'Incremental development', 0, 174),
(689, 'Phased software development', 0, 175),
(690, 'Throwaway prototyping', 0, 175),
(691, 'Risk-driven development', 0, 175),
(692, 'Incremental development', 1, 175),
(693, 'Phased software development', 0, 176),
(694, 'Throwaway prototyping', 0, 176),
(695, 'Risk-driven development', 1, 176),
(696, 'Incremental development', 0, 176),
(697, 'Building the system', 0, 177),
(698, 'Building the right system', 1, 177),
(699, 'Building the system right', 0, 177),
(700, 'Testing the system', 0, 177),
(701, 'Building the system', 0, 178),
(702, 'Building the right system', 0, 178),
(703, 'Building the system right', 1, 178),
(704, 'Testing the system', 0, 178),
(705, 'Unit testing', 0, 179),
(706, 'Integration testing', 0, 179),
(707, 'Testing with knowledge of the system internals', 1, 179),
(708, 'Testing without knowledge of the software internals', 0, 179),
(709, 'System testing', 0, 180),
(710, 'Integration testing', 0, 180),
(711, 'Testing with knowledge of the system internals', 0, 180),
(712, 'Testing without knowledge of the software internals', 1, 180),
(713, 'Modules and interfaces', 0, 181),
(714, 'Modules and information hiding', 0, 181),
(715, 'Classes, information hiding, and inheritance', 1, 181),
(716, 'Concurrency and information hiding', 0, 181),
(717, 'A function or subroutine', 0, 182),
(718, 'A module', 0, 182),
(719, 'Groups data and procedures that operate on the data', 1, 182),
(720, 'Groups a function and an algorithm', 0, 182),
(721, 'An object instance', 0, 183),
(722, 'The implementation of the object', 0, 183),
(723, 'A collection of objects with the same characteristics', 1, 183),
(724, 'A collection of objects with different characteristics', 0, 183),
(725, 'Specification and the implementation of a function performed by a class', 0, 184),
(726, 'Specification and the implementation of a subroutine provided by a class', 0, 184),
(727, 'Specification and the implementation of a function or procedure provided by a class', 1, 184),
(728, 'Specification and the implementation of an interface provided by a class', 0, 184),
(729, 'The operation\'s name', 0, 185),
(730, 'The operation\'s function or subroutine', 0, 185),
(731, 'The operation\'s name, parameters, and return value', 1, 185),
(732, 'The object\'s interface', 0, 185),
(733, 'The signature of a class', 0, 186),
(734, 'The specification of operations provided by the class', 1, 186),
(735, 'The internals of the class', 0, 186),
(736, 'The implementation of the class', 0, 186),
(737, 'A description of a class', 0, 187),
(738, 'An internal property of a class', 0, 187),
(739, 'A data item held by a class', 1, 187),
(740, 'A parameter of a class', 0, 187),
(741, 'Hiding information so that it cannot be found', 0, 188),
(742, 'Hiding a design decision that is considered likely to change', 1, 188),
(743, 'Hiding information to make it secure', 0, 188),
(744, 'Encapsulating data in a class', 0, 188),
(745, 'Another name for information hiding', 0, 189),
(746, 'Encapsulating data so that its structure is hidden', 1, 189),
(747, 'Storing data in a database', 0, 189),
(748, 'Storing data in a data structure', 0, 189),
(749, 'A mechanism for inheriting characteristics from a parent', 0, 190),
(750, 'A mechanism for sharing and reusing code between classes', 1, 190),
(751, 'A mechanism for sharing data between classes', 0, 190),
(752, 'A mechanism for hiding information between classes', 0, 190),
(753, 'Functional requirements of the system are described in terms of functions, inputs, and outputs.', 0, 191),
(754, 'Functional requirements of the system are described in terms of actors and use cases.', 1, 191),
(755, 'Functional requirements of the system are described textually.', 0, 191),
(756, 'Functional requirements of the system are determined by interviewing users', 0, 191),
(757, 'Developing use case models', 0, 192),
(758, 'Developing data flow and entity-relationship diagrams', 0, 192),
(759, 'Developing static and dynamic models', 1, 192),
(760, 'Developing software architectures', 0, 192),
(761, 'Developing use case models', 0, 193),
(762, 'Developing data flow and entity-relationship diagrams', 0, 193),
(763, 'Developing static and dynamic models', 0, 193),
(764, 'Developing software architectures', 1, 193),
(765, 'Detailed design and coding of the classes in a subset of the system', 0, 194),
(766, 'Detailed design, coding, and unit testing of the classes in a subset of the system', 1, 194),
(767, 'Coding and unit testing of the classes in a subset of the system', 0, 194),
(768, 'Unit and integration testing of the classes in a subset of the system', 0, 194),
(769, 'Implementation of the classes in each software increment', 0, 195),
(770, 'Unit testing of the classes in each software increment', 0, 195),
(771, 'Integration testing of the classes in each software increment', 1, 195),
(772, 'System testing of the classes in each software increment', 0, 195),
(773, 'White box testing', 0, 196),
(774, 'Black box testing', 1, 196),
(775, 'Unit testing', 0, 196),
(776, 'Integration testing', 0, 196),
(777, 'A case study involving users', 0, 197),
(778, 'A sequence of interactions between the user and the system', 0, 197),
(779, 'A sequence of interactions between the user and the objects in the system', 1, 197),
(780, 'A sequence of user inputs to the system', 0, 197),
(781, 'An object inside the system', 0, 198),
(782, 'A person who performs on stage', 0, 198),
(783, 'An external entity that interacts with the system', 1, 198),
(784, 'The customer to whom the system will be delivered', 0, 198),
(785, 'The actor who goes on stage first', 0, 199),
(786, 'The actor that starts the use case', 1, 199),
(787, 'An actor that participates in the use case', 0, 199),
(788, 'An object inside the system', 0, 199),
(789, 'The actor who goes on stage second', 0, 200),
(790, 'The actor that starts the use case', 0, 200),
(791, 'An actor that participates in the use case', 1, 200),
(792, 'An object inside the system', 0, 200),
(793, 'A sequence that describes an error case', 0, 201),
(794, 'A sequence that is different from the main sequence', 1, 201),
(795, 'A sequence that describes interactions with a secondary actor', 0, 201),
(796, 'A sequence that describes interactions with a primary actor', 0, 201),
(797, 'To describe an inclusive use case', 0, 202),
(798, 'To describe a lengthy interaction with an actor', 0, 202),
(799, 'To describe functionality that is common to more than one use case', 1, 202),
(800, 'To describe a use case that includes other use cases', 0, 202),
(801, 'To describe a lengthy interaction with an actor', 0, 203),
(802, 'To describe functionality that is common to more than one use case', 0, 203),
(803, 'To describe the functionality of a use case that is extended by another use case(s)', 0, 203),
(804, 'To describe a conditional part of a different use case that is only executed under certain circumstances', 1, 203),
(805, 'To depict the sequence of activities executed by all the use cases in the system', 0, 204),
(806, 'To depict the sequence of external activities that the use case interacts with', 0, 204),
(807, 'To depict the sequence of active objects in a use case', 0, 204),
(808, 'To depict the activities in the main and alternative sequences of a use case', 1, 204),
(809, 'In a separate section of the use case description', 1, 205),
(810, 'As a use case precondition', 0, 205),
(811, 'As a use case postcondition', 0, 205),
(812, 'In a separate document', 0, 205),
(813, 'A package describing the actors in the system', 0, 206),
(814, 'A package describing the use cases in the system', 0, 206),
(815, 'A group of related use cases', 1, 206),
(816, 'The package of objects that participate in the use case', 0, 206),
(817, 'A relationship between two classes', 0, 207),
(818, 'A parameter of an operation or method', 0, 207),
(819, 'A data value held by an object in a class', 1, 207),
(820, 'The return value from an operation', 0, 207),
(821, 'A relationship between two classes', 1, 208),
(822, 'A relationship between two objects', 0, 208),
(823, 'A link between two classes', 0, 208),
(824, 'A link between two objects', 0, 208),
(825, 'The number of associations in a class', 0, 209),
(826, 'The number of associations between two classes', 0, 209),
(827, 'How many instances of one class relate to how many instances of another class', 0, 209),
(828, 'How many instances of one class relate to a single instance of another class.', 1, 209),
(829, 'A class with multiple associations', 0, 210),
(830, 'A class with one association', 0, 210),
(831, 'A class that models an association between two or more classes', 1, 210),
(832, 'A class that models an association between two or more objects', 0, 210),
(833, 'A whole/part relationship', 0, 211),
(834, 'An inheritance relationship', 1, 211),
(835, 'An association between a generalized class and a specialized class', 0, 211),
(836, 'A layered hierarchy', 0, 211),
(837, 'A weak form of a generalization/ specialization hierarchy', 0, 212),
(838, 'A strong form of a generalization/ specialization hierarchy', 0, 212),
(839, 'A weak form of a whole/part relationship', 0, 212),
(840, 'A strong form of a whole/part relationship', 1, 212),
(841, 'A weak form of a generalization/ specialization hierarchy', 0, 213),
(842, 'A strong form of a generalization/specialization hierarchy', 0, 213),
(843, 'A weak form of a whole/part relationship', 1, 213),
(844, 'A strong form of a whole/part relationship', 0, 213),
(845, 'The entity classes in the system', 0, 214),
(846, 'How the system interfaces to other systems', 0, 214),
(847, 'The boundary between the system and the external environment', 1, 214),
(848, 'The context classes in the system', 0, 214),
(849, 'A class on an entity/relationship diagram', 0, 215),
(850, 'A class that stores data', 1, 215),
(851, 'A class that interfaces to an external entity', 0, 215),
(852, 'An external class', 0, 215),
(853, 'An external object', 0, 216),
(854, 'An object that stores data', 0, 216),
(855, 'An object that communicates with an external object', 1, 216),
(856, 'An object that controls other objects', 0, 216),
(857, 'An object that depends on other objects', 0, 217),
(858, 'An object that communicates with an external object', 0, 217),
(859, 'An object that controls other objects', 1, 217),
(860, 'An object that is controlled by other objects', 0, 217),
(861, 'An object that depends on a state machine', 0, 218),
(862, 'An object that communicates with a state machine', 0, 218),
(863, 'An object that controls a state machine', 0, 218),
(864, 'An object that executes a state machine', 1, 218),
(865, 'A manager object', 0, 219),
(866, 'An object that makes decisions based on a state machine', 0, 219),
(867, 'A decision-making object', 1, 219),
(868, 'An object that decides which entity object to interact with', 0, 219),
(869, 'By looking at it', 0, 220),
(870, 'By selecting the external classes on the context diagram', 0, 220),
(871, 'By determining the software classes that communicate with the external classes', 1, 220),
(872, 'By drawing the boundary between the hardware and software classes', 0, 220),
(873, 'An external clock', 0, 221),
(874, 'An internal clock', 0, 221),
(875, 'An object that is awakened by an external timer', 1, 221),
(876, 'An object that interacts with a clock', 0, 221),
(877, 'Structuring an application into classes', 1, 222),
(878, 'Defining the attributes of a class', 0, 222),
(879, 'Defining the associations of a class', 0, 222),
(880, 'Defining the operations of a class', 0, 222),
(881, 'Categorizing books in a library', 1, 223),
(882, 'Deciding how many copies of a book are needed', 0, 223),
(883, 'Finding the classrooms in a school', 0, 223),
(884, 'Identifying what labs the school has', 0, 223),
(885, 'To label a class according to its class structuring criterion', 1, 224),
(886, 'To identify the objects that belong to the same class', 0, 224),
(887, 'To distinguish between external objects and software objects', 0, 224),
(888, 'To identify the association between two classes', 0, 224),
(889, 'An object used in business applications', 0, 225),
(890, 'An object that defines business-specific application logic', 1, 225),
(891, 'The internal logic of an object', 0, 225),
(892, 'A business object that determines whether a client request is logical', 0, 225),
(893, 'A conditional action', 0, 226),
(894, 'A conditional state', 0, 226),
(895, 'A conditional state transition', 1, 226),
(896, 'A conditional event', 0, 226),
(897, 'The state and transitions inside a control object', 0, 227),
(898, 'Classes and their relationships', 0, 227),
(899, 'Software objects and the sequence of their interactions', 1, 227),
(900, 'The external objects communicating with the system', 0, 227),
(901, 'An actor has an association with the interaction diagram.', 0, 228),
(902, 'An actor can provide input to or receive output from a boundary object.', 0, 228),
(903, 'An actor can provide input to or receive output from a boundary class.', 0, 228),
(904, 'An instance of an actor can provide input to or receive output from a boundary object', 1, 228),
(905, 'The sequence of external objects communicating with each other', 0, 229),
(906, 'Classes and their relationships', 0, 229),
(907, 'Software objects and the sequence of their interactions', 1, 229),
(908, 'The external objects communicating with the system', 0, 229),
(909, 'The sequence of external objects communicating with each other', 0, 230),
(910, 'Classes and their relationships', 0, 230),
(911, 'Software objects and the sequence of their interactions', 1, 230),
(912, 'The external objects communicating with the system', 0, 230),
(913, 'Depicts several object instances interacting with each other', 0, 231),
(914, 'Depicts one possible sequence of interactions among object instances', 1, 231),
(915, 'Depicts all possible interactions among object instances', 0, 231),
(916, 'Depicts all object instances and their links to each other', 0, 231),
(917, 'Depicts several objects interacting with each other', 0, 232),
(918, 'Depicts one possible sequence of interactions among objects', 0, 232),
(919, 'Depicts all possible interactions among objects', 1, 232),
(920, 'Depicts all classes and their associations with each other', 0, 232),
(921, 'The producer waits for a response from the consumer.', 0, 265),
(922, 'The producer does not wait for a response from the consumer.', 1, 265),
(923, 'The producer goes to sleep.', 0, 265),
(924, 'The producer waits for a timeout.', 0, 265),
(925, 'The producer waits for a response from the consumer.', 1, 266),
(926, 'An external user sends a message to a user interaction object.', 1, 233),
(927, 'An external user sends a message to an entity object.', 0, 233),
(928, 'An external user sends a message to an I/O object.', 0, 233),
(929, 'An external user sends a message to a printer object.', 0, 233),
(930, 'A user interaction object sends a message to an entity object.', 0, 234),
(931, 'An input object sends a message to a state-dependent control object.', 0, 234),
(932, 'An input object sends a message to a printer object.', 1, 234),
(933, 'A user interaction object sends a message to a proxy object.', 0, 234),
(934, 'A user interaction object', 0, 235),
(935, 'A proxy object', 0, 235),
(936, 'An entity object', 0, 235),
(937, 'A boundary object', 1, 235),
(938, 'A recognizable situation that exists over an interval of time', 1, 236),
(939, 'A condition that is True or False', 0, 236),
(940, 'An input from the external environment', 0, 236),
(941, 'An output from the system', 0, 236),
(942, 'A discrete signal that causes a change of state', 1, 237),
(943, 'An input from the external environment', 0, 237),
(944, 'An input that is True or False', 0, 237),
(945, 'The result of a state transition', 0, 237),
(946, 'An occurrence at a point in time', 0, 238),
(947, 'A cause of a state transition', 0, 238),
(948, 'An interval between two successive events', 0, 238),
(949, 'A computation that executes as a result of a state transition', 1, 238),
(950, 'An action that is performed when the state is entered', 1, 239),
(951, 'An action that is performed when the state is left', 0, 239),
(952, 'An action that starts executing when the state is entered and completes executing when the state is left', 0, 239),
(953, 'An action that executes as a result of a state transition', 0, 239),
(954, 'An action that is performed when the state is entered', 0, 240),
(955, 'An action that is performed when the state is left', 1, 240),
(956, 'An action that starts executing when the state is entered and completes executing when the state is left', 0, 240),
(957, 'An action that executes as a result of a state transition', 0, 240),
(958, 'A conditional action', 0, 241),
(959, 'A conditional state', 0, 241),
(960, 'A conditional state transition', 1, 241),
(961, 'A conditional event', 0, 241),
(962, 'A transition into only one of the substrates', 1, 242),
(963, 'A transition into each of the substrates', 0, 242),
(964, 'A transition into none of the substrates', 0, 242),
(965, 'A transition into any one of the substrates', 0, 242),
(966, 'A transition out of only one of the substate', 0, 243),
(967, 'A transition out of each of the substate', 1, 243),
(968, 'A transition out of none of the substate', 0, 243),
(969, 'A transition out of any one of the substate', 0, 243),
(970, 'A composite state is decomposed into substates', 1, 244),
(971, 'Composite states are composed into substates.', 0, 244),
(972, 'A composite state transitions to a substate.', 0, 244),
(973, 'A substate transitions to a composite state.', 0, 244),
(974, 'The producer does not wait for a response from the consumer.', 0, 266),
(975, 'The producer goes to sleep.', 0, 266),
(976, 'The two actions are independent of each other.', 1, 248),
(977, 'One action provides an input to the other action.', 0, 248),
(978, 'The second action executes when the first action completes execution.', 0, 248),
(979, 'A control object', 0, 245),
(980, 'A state-dependent entity object', 0, 245),
(981, 'A state-dependent control object', 1, 245),
(982, 'A state-dependent user interaction object', 0, 245),
(983, 'Any software object', 0, 246),
(984, 'An entity object', 0, 246),
(985, 'A state-dependent control object', 1, 246),
(986, 'A statechart', 0, 246),
(987, 'Determine objects that participate in each use case and the sequence of interactions among them.', 1, 247),
(988, 'Determine external objects and the sequence in which they provide inputs to and receive outputs from each use case.', 0, 247),
(989, 'Determine sequence of interactions among use cases.', 0, 247),
(990, 'Determine how a use case is depicted through internal states and transitions between them', 0, 247),
(991, 'The two actions are dependent on each other.', 0, 248),
(992, 'An event on the internal state machine', 1, 249),
(993, 'An action on the internal state machine', 0, 249),
(994, 'A condition on the internal state machine', 0, 249),
(995, 'A state on the internal state machine', 0, 249),
(996, 'An event on the internal state machine', 0, 250),
(997, 'An action on the internal state machine', 1, 250),
(998, 'A condition on the internal state machine', 0, 250),
(999, 'A state on the internal state machine', 0, 250),
(1000, 'Only the main sequence of the use case', 0, 251),
(1001, 'The main sequence and every alternative sequence of the use case', 1, 251),
(1002, 'The main sequence and a representative alternative sequence of the use case', 0, 251),
(1003, 'The alternative sequences of the use case', 0, 251),
(1004, 'A state-dependent control object sends a message to an entity object.', 0, 252),
(1005, 'A state-dependent control object sends a message to a coordinator object.', 0, 252),
(1006, 'A state-dependent control object sends a message to a printer object.', 0, 252),
(1007, 'All of the above', 1, 252),
(1008, 'The producer waits for a timeout.', 0, 266),
(1009, 'A user interface object is placed in the same subsystem as an entity object it updates.', 0, 270),
(1010, 'Develop one state-dependent control object containing states from each use case.', 1, 256),
(1011, 'Develop a hierarchical state machine.', 0, 256),
(1012, 'Develop a coordinator object.', 0, 256),
(1013, 'By sending messages to each other', 1, 253),
(1014, 'By transitioning to the same state', 0, 253),
(1015, 'Through an entity object', 0, 253),
(1016, 'Through a proxy object', 0, 253),
(1017, 'A state-dependent control object is placed in the same subsystem as the objects it controls.', 1, 270),
(1018, 'A state-dependent control object is placed in a different subsystem from the objects it controls.', 0, 270);
INSERT INTO `option_table` (`option_id`, `option_title`, `answer`, `question_id`) VALUES
(1019, 'One state for each of the alternative messages', 0, 257),
(1020, 'A composite state to handle the alternative messages', 0, 257),
(1021, 'A substate for each alternative message', 0, 257),
(1022, 'A user interface object is placed in a different subsystem from an entity object it updates.', 0, 270),
(1024, 'The service has a state-dependent control object but the client does not.', 0, 258),
(1025, 'Both the client and the service have state-dependent control objects.', 0, 258),
(1026, 'Neither the client nor the service has a state-dependent control object.', 0, 258),
(1027, 'The software inside a building', 0, 254),
(1028, 'The structure of a client/server system', 0, 254),
(1029, 'The overall structure of a software system', 1, 254),
(1030, 'The software classes and their relationships', 0, 254),
(1031, 'A composite object composed of other objects', 0, 255),
(1032, 'An operation', 1, 255),
(1033, 'A simple object', 0, 255),
(1034, 'Provides an interface', 0, 255),
(1035, 'Develop one state-dependent control object for each use case.', 0, 256),
(1036, 'One state with a different transition out of it for each incoming message', 1, 257),
(1037, 'The client has a state-dependent control object but the service does not.', 1, 258),
(1038, 'A view in terms of a module hierarchy', 0, 259),
(1039, 'A view in terms of components and connectors', 1, 259),
(1040, 'A view of the physical configuration in terms of nodes and interconnections', 0, 259),
(1041, 'A view in terms of objects and messages', 0, 259),
(1042, 'A view in terms of a module hierarchy', 0, 260),
(1043, 'A view in terms of components and connectors', 0, 260),
(1044, 'A view of the physical configuration in terms of nodes and interconnections', 0, 260),
(1045, 'A view in terms of objects and messages', 1, 260),
(1046, 'A static view in terms of a module hierarchy', 0, 261),
(1047, 'A static view in terms of components and connectors', 0, 261),
(1048, 'A view of the physical configuration in terms of nodes and interconnections', 1, 261),
(1049, 'A dynamic interaction view in terms of objects and messages', 0, 261),
(1050, 'The structure of the major subsystems of a system', 1, 262),
(1051, 'The components and connectors in a software architecture', 0, 262),
(1052, 'A small group of collaborating objects', 0, 262),
(1053, 'A recurring architecture used in a variety of systems', 0, 262),
(1054, 'Each layer uses services in the layer immediately below it.', 1, 263),
(1055, 'Each layer uses services in the layer immediately above it.', 0, 263),
(1056, 'Each layer uses services in the layers immediately above it and below it.', 0, 263),
(1057, 'Each layer is independent of the other layers', 0, 263),
(1058, 'A calling operation in the calling object sends a message to an operation (a.k.a. method) in the called object.', 0, 264),
(1059, 'A calling operation in the calling object invokes an operation (a.k.a. method) in the called object.', 1, 264),
(1060, 'The calling object waits for a response from the called object.', 0, 264),
(1061, 'The calling object does not wait for a response from the called object', 0, 264),
(1062, 'A communication diagram formed by combining objects', 0, 267),
(1063, 'A synthesis of all the communication diagrams developed to support the use cases', 1, 267),
(1064, 'A communication diagram depicting the objects that realize a use case', 0, 267),
(1065, 'A communication diagram that integrates the entity objects from the static model', 0, 267),
(1066, 'Objects that are part of the same composite object', 1, 268),
(1067, 'Client and server objects', 0, 268),
(1068, 'User interface and entity objects', 0, 268),
(1069, 'Objects that are associated with each other', 0, 268),
(1070, 'In the same subsystem', 0, 269),
(1071, 'In different subsystems', 1, 269),
(1072, 'In a composite subsystem', 0, 269),
(1073, 'In layered subsystems', 0, 269),
(1074, 'It should interface to one subsystem.', 1, 271),
(1075, 'It should interface to several subsystems.', 0, 271),
(1076, 'It should interface to every subsystem.', 0, 271),
(1077, 'It should interface to none of the subsystems', 0, 271),
(1078, 'Control subsystem', 0, 272),
(1079, 'Service subsystem', 0, 272),
(1080, 'Client subsystem', 1, 272),
(1081, 'I/O subsystem', 0, 272),
(1082, 'User interface object and entity object', 0, 273),
(1083, 'State-dependent control object and coordinator object', 1, 273),
(1084, 'Business logic object and entity object', 0, 273),
(1085, 'I/O object and state-dependent control object', 0, 273),
(1086, 'Control subsystem', 0, 274),
(1087, 'User interaction subsystem', 0, 274),
(1088, 'Service subsystem', 1, 274),
(1089, 'I/O subsystem', 0, 274),
(1090, 'If the subsystem needs to coordinate several internal objects', 0, 275),
(1091, 'If the subsystem needs to coordinate multiple I/O devices', 0, 275),
(1092, 'If the subsystem receives messages from multiple client subsystems', 0, 275),
(1093, 'If the subsystem needs to coordinate the execution of other subsystems', 1, 275),
(1094, 'If the subsystem needs to control several internal objects', 1, 276),
(1095, 'If the subsystem needs to control multiple I/O devices', 0, 276),
(1096, 'If the subsystem needs to control multiple client subsystems', 0, 276),
(1097, 'If the subsystem needs to control the execution of other subsystems', 0, 276),
(1098, 'The autonomous acquisition of knowledge through the use of computer programs', 1, 277),
(1099, 'The autonomous acquisition of knowledge through the use of manual programs', 0, 277),
(1100, 'The selective acquisition of knowledge through the use of computer programs', 0, 277),
(1101, 'The selective acquisition of knowledge through the use of manual programs', 0, 277),
(1102, 'Representation scheme used', 0, 278),
(1103, 'Training scenario', 0, 278),
(1104, 'Type of feedback', 0, 278),
(1105, 'Good data structures', 1, 278),
(1106, 'Memorization', 0, 279),
(1107, 'Analogy', 0, 279),
(1108, 'Deduction', 0, 279),
(1109, 'Introduction', 1, 279),
(1110, 'Phonological', 0, 280),
(1111, 'Syntactic', 0, 280),
(1112, 'Empirical', 1, 280),
(1113, 'Logical', 0, 280),
(1114, 'Language units', 0, 281),
(1115, 'Role structure of units', 0, 281),
(1116, 'System constraints', 0, 281),
(1117, 'Structural units', 1, 281),
(1118, 'Begins by hypothesizing a sentence (the symbol S) and successively predicting lower level constituents until individual preterminal symbols are written', 1, 282),
(1119, 'Begins by hypothesizing a sentence (the symbol S) and successively predicting upper level constituents until individual preterminal symbols are written', 0, 282),
(1120, 'Begins by hypothesizing lower level constituents and successively predicting a sentence (the symbol S)', 0, 282),
(1121, 'Begins by hypothesizing upper level constituents and successively predicting a sentence (the symbol S)', 0, 282),
(1122, 'p', 0, 283),
(1123, 'Øp V q', 0, 283),
(1124, 'p → q', 0, 283),
(1125, 'p → Øq', 1, 283),
(1126, 'Place block B on Block A', 0, 284),
(1127, 'Place blocks A, B on the table in that order', 0, 284),
(1128, 'Place blocks B, A on the table in that order', 0, 284),
(1129, 'Place block A on block B', 1, 284),
(1130, 'car', 0, 285),
(1131, 'last', 0, 285),
(1132, 'cons', 0, 285),
(1133, 'cdr', 1, 285),
(1134, 'Printed language and synthesized speech', 0, 286),
(1135, 'Manipulation of physical object', 0, 286),
(1136, 'Locomotion', 0, 286),
(1137, 'All of the mentioned', 1, 286),
(1138, 'John McCarthy', 1, 287),
(1139, 'Marvin Minsky', 0, 287),
(1140, 'Alan Turing', 0, 287),
(1141, 'Allen Newell and Herbert Simon', 0, 287),
(1142, 'John McCarthy', 0, 288),
(1143, 'Donald Michie', 1, 288),
(1144, 'Lofti Zadeh', 0, 288),
(1145, 'Alan Turing', 0, 288),
(1146, 'SHRDLU', 1, 289),
(1147, 'SIMD', 0, 289),
(1148, 'BACON', 0, 289),
(1149, 'STUDENT', 0, 289),
(1150, 'Ethernet', 0, 290),
(1151, 'NaturalLink', 1, 290),
(1152, 'PROLOG', 0, 290),
(1153, 'The Personal Consultant', 0, 290),
(1154, 'the embodiment of human intellectual capabilities within a computer', 1, 291),
(1155, 'a set of computer programs that produce output that would be considered to reflect intelligence if it were generated by humans', 0, 291),
(1156, 'the study of mental faculties through the use of mental models implemented on a computer', 0, 291),
(1157, 'all of the mentioned', 0, 291),
(1158, 'quit', 0, 292),
(1159, 'exit', 1, 292),
(1160, 'bye', 0, 292),
(1161, 'ok', 0, 292),
(1162, 'real-life situation', 0, 293),
(1163, 'complex game', 0, 293),
(1164, 'small search space', 1, 293),
(1165, 'all of the mentioned', 0, 293),
(1166, 'Putting your intelligence into Computer', 0, 294),
(1167, 'Programming with your own intelligence', 0, 294),
(1168, 'Making a Machine intelligent', 1, 294),
(1169, 'Playing a Game', 0, 294),
(1170, 'Depth-First Search', 1, 295),
(1171, 'Breadth-First search', 0, 295),
(1172, 'Optimal search', 0, 295),
(1173, 'Linear Search', 0, 295),
(1174, 'To discover something or an idea embedded in a program', 0, 296),
(1175, 'To search and measure how far a node in a search tree seems to be from a goal', 0, 296),
(1176, 'To compare two nodes in a search tree to see if one is better than the other is', 0, 296),
(1177, 'All of the mentioned', 1, 296),
(1178, '۷x: dog(x) àhastail(x)', 1, 297),
(1179, '۷x: dog(x) àhastail(y)', 0, 297),
(1180, '۷x: dog(y) àhastail(x)', 0, 297),
(1181, '۷x: dog(x) àhasàtail(x)', 0, 297),
(1182, 'Representational Verification', 1, 298),
(1183, 'Representational Adequacy', 0, 298),
(1184, 'Inferential Adequacy', 0, 298),
(1185, 'Inferential Efficiency', 0, 298),
(1186, 'RAMD', 0, 299),
(1187, 'BACON', 1, 299),
(1188, 'MIT', 0, 299),
(1189, 'DU', 0, 299),
(1190, 'Turing Test', 1, 300),
(1191, 'Algorithm', 0, 300),
(1192, 'Boolean Algebra', 0, 300),
(1193, 'Logarithm', 0, 300),
(1194, 'parameters', 0, 301),
(1195, 'contexts', 0, 301),
(1196, 'production rules', 0, 301),
(1197, 'all of the mentioned', 1, 301),
(1198, 'Continuous speech recognition', 0, 302),
(1199, 'Isolated word recognition', 0, 302),
(1200, 'Connected word recognition', 0, 302),
(1201, 'Speaker-dependent recognition', 1, 302),
(1202, 'inference engine', 0, 303),
(1203, 'knowledge base', 0, 303),
(1204, 'user interface', 0, 303),
(1205, 'all of the mentioned', 1, 303),
(1206, 'edge detection', 0, 304),
(1207, 'binocular vision', 0, 304),
(1208, 'model-based vision', 1, 304),
(1209, 'robot vision', 0, 304),
(1210, 'Defense', 1, 305),
(1211, 'Energy', 0, 305),
(1212, 'Education', 0, 305),
(1213, 'Justice', 0, 305),
(1214, 'Dartmouth University', 0, 306),
(1215, 'Harvard University', 1, 306),
(1216, 'Massachusetts Institute of Technology', 0, 306),
(1217, 'Stanford University', 0, 306),
(1218, 'David Levy', 0, 307),
(1219, 'John McCarthy', 1, 307),
(1220, 'Joseph Weizenbaum', 0, 307),
(1221, 'Hans Berliner', 0, 307),
(1222, 'returns a new list that is equal to <list> by copying the top-level element of <list>', 1, 308),
(1223, 'returns the length of <list>', 0, 308),
(1224, 'returns t if <list> is empty', 0, 308),
(1225, 'all of the mentioned', 0, 308),
(1226, 'Fisher Ada', 0, 309),
(1227, 'John McCarthy', 1, 309),
(1228, 'Allen Newell', 0, 309),
(1229, 'Alan Turning', 0, 309),
(1230, 'Kaissa', 0, 310),
(1231, 'CRAY BLITZ', 1, 310),
(1232, 'Golf', 0, 310),
(1233, 'DIGDUG', 0, 310),
(1234, 'construct a diagnostic model', 0, 311),
(1235, 'expedite the debugging process', 0, 311),
(1236, 'explain the system’s reasoning process', 0, 311),
(1237, 'expedite the debugging process & explain the system’s reasoning process', 1, 311),
(1238, 'diagnostic', 0, 312),
(1239, 'descriptive', 0, 312),
(1240, 'interpretive', 0, 312),
(1241, 'iterative', 1, 312),
(1242, 'color and motion', 0, 313),
(1243, 'depth and texture', 0, 313),
(1244, 'height and weight', 0, 313),
(1245, 'color and motion, depth and texture', 1, 313),
(1246, NULL, NULL, 314);

-- --------------------------------------------------------

--
-- Table structure for table `question_table`
--

CREATE TABLE `question_table` (
  `question_id` bigint(20) NOT NULL,
  `type` int(1) DEFAULT NULL,
  `question` text COLLATE utf8_unicode_ci DEFAULT NULL,
  `ssid` bigint(20) NOT NULL,
  `flag` tinyint(1) NOT NULL DEFAULT 0,
  `flag_message` text COLLATE utf8_unicode_ci DEFAULT NULL
) ENGINE=InnoDB DEFAULT CHARSET=utf8 COLLATE=utf8_unicode_ci;

--
-- Dumping data for table `question_table`
--

INSERT INTO `question_table` (`question_id`, `type`, `question`, `ssid`, `flag`, `flag_message`) VALUES
(1, 0, 'Which underlined word has a mistake? We enjoy riding motorcycles. Modern motorcycles are lighter and faster than they was 30 years ago.', 1, 0, NULL),
(2, 0, 'Which underlined word has a mistake? My mother was mad at me because I had told her I would be home at 6:00, but I come home at 9:00.', 1, 0, NULL),
(3, 0, 'Which underlined word has a mistake? Next year, my family buy a house in Canada. We are going to visit it every summer.', 1, 0, NULL),
(4, 0, 'Which underlined word has a mistake? We watched a good movie last night and told our friends about it. Now, they want to see it too. All of us are going to see it again tonight after we are eating dinner.', 1, 0, NULL),
(5, 0, 'Which underlined word has a mistake? Mary loves to shop, so she left work early today and asked her friend to meet her at the mall. The two of them spending eight hours buying dresses and shoes.', 1, 0, NULL),
(6, 0, 'Which underlined word has a mistake? The dentist told me that my teeth were healthy, but he want me to go back for a check up soon. I will make another appointment next week when I am free.', 1, 0, NULL),
(7, 0, 'Which sentence is punctuated correctly?', 1, 0, NULL),
(8, 0, 'Which sentence is punctuated correctly?', 1, 0, NULL),
(9, 0, 'Which sentence uses commas correctly?', 1, 0, NULL),
(10, 0, 'Which sentence is punctuated correctly?', 1, 0, NULL),
(11, 0, 'Which sentence is punctuated correctly?', 1, 0, NULL),
(12, 0, '1. The spatial coordinates of a digital image (x,y) are proportional to:', 2, 0, NULL),
(13, 0, '2. Among the following image processing techniques which is fast, precise and flexible.', 2, 0, NULL),
(14, 0, 'An image is considered to be a function of a(x,y), where a represents:', 2, 0, NULL),
(15, 0, '4. What is pixel?', 2, 0, NULL),
(16, 0, '5. The range of values spanned by the gray scale is called:', 2, 0, NULL),
(17, 0, '6. Which is a colour attribute that describes a pure colour?', 2, 0, NULL),
(18, 0, '7. Which gives a measure of the degree to which a pure colour is diluted by white light?', 2, 0, NULL),
(19, 0, '8. Which means the assigning meaning to a recognized object.', 2, 0, NULL),
(20, 0, '9. A typical size comparable in quality to monochromatic TV image is of size.', 2, 0, NULL),
(21, 0, '10. The number of grey values are integer powers of:', 2, 0, NULL),
(22, 0, '1. What is the first and foremost step in Image Processing?', 2, 0, NULL),
(23, 0, '2. In which step of processing, the images are subdivided successively into smaller regions?', 2, 0, NULL),
(24, 0, '3. What is the next step in image processing after compression?', 2, 0, NULL),
(25, 0, '4. What is the step that is performed before color image processing in image processing?', 2, 0, NULL),
(26, 0, '5. How many number of steps are involved in image processing?', 2, 0, NULL),
(27, 0, '6. What is the expanded form of JPEG?', 2, 0, NULL),
(28, 0, '7. Which of the following step deals with tools for extracting image components those are useful in the representation and description of shape?', 2, 0, NULL),
(29, 0, '8. In which step of the processing, assigning a label (e.g., \"vehicle\") to an object based on its descriptors is done?', 2, 0, NULL),
(30, 0, '9. What role does the segmentation play in image processing?', 2, 0, NULL),
(31, 0, '10. What is the correct sequence of steps in image processing?', 2, 0, NULL),
(32, 0, '1. To convert a continuous sensed data into Digital form, which of the following is required?', 2, 0, NULL),
(33, 0, '2. To convert a continuous image f(x, y) to digital form, we have to sample the function in __________', 2, 0, NULL),
(34, 0, '3. For a continuous image f(x, y), how could be Sampling defined?', 2, 0, NULL),
(35, 0, '4. For a continuous image f(x, y), Quantization is defined as', 2, 0, NULL),
(36, 0, '5. Validate the statement:\n\"For a given image in one-dimension given by function f(x, y), to sample the function we take equally spaced samples, superimposed on the function, along a horizontal line. However, the sample values still span (vertically) a continuous range of gray-level values. So, to convert the given function into a digital function, the gray-level values must be divided into various discrete levels.\"', 2, 0, NULL),
(37, 0, '6. How is sampling been done when an image is generated by a single sensing element combined with mechanical motion?', 2, 0, NULL),
(38, 0, '7. How does sampling gets accomplished with a sensing strip being used for image acquisition?', 2, 0, NULL),
(39, 0, '8. How is sampling accomplished when a sensing array is used for image acquisition?', 2, 0, NULL),
(40, 0, '9. The quality of a digital image is well determined by ___________', 2, 0, NULL),
(41, 0, '1. Assume that an image f(x, y) is sampled so that the result has M rows and N columns. If the values of the coordinates at the origin are (x, y) = (0, 0), then the notation (0, 1) is used to signify :', 2, 0, NULL),
(42, 0, '2. The resulting image of sampling and quantization is considered a matrix of real numbers. By what name(s) the element of this matrix array is called __________', 2, 0, NULL),
(43, 0, '3. Let Z be the set of real integers and R the set of real numbers. The sampling process may be viewed as partitioning the x-y plane into a grid, with the central coordinates of each grid being from the Cartesian product Z2, that is a set of all ordered pairs (zi, zj), with zi and zj being integers from Z. Then, f(x, y) is said a digital image if:', 2, 0, NULL),
(44, 0, '4. Let Z be the set of real integers and R the set of real numbers. The sampling process may be viewed as partitioning the x-y plane into a grid, with the central coordinates of each grid being from the Cartesian product Z2, that is a set of all ordered pairs (zi, zj), with zi and zj being integers from Z. Then, f(x, y) is a digital image if (x, y) are integers from Z2 and f is a function that assigns a gray-level value (that is, a real number from the set R) to each distinct coordinate pair (x, y). What happens to the digital image if the gray levels also are integers?', 2, 0, NULL),
(45, 0, '5. The digitization process i.e. the digital image has M rows and N columns, requires decisions about values for M, N, and for the number, L, of gray levels allowed for each pixel. The value M and N have to be:', 2, 0, NULL),
(46, 0, '6. The digitization process i.e. the digital image has M rows and N columns, requires decisions about values for M, N, and for the number, L, of max gray levels. There are no requirements on M and N, other than that M and N have to be positive integer. However, the number of gray levels typically is', 2, 0, NULL),
(47, 0, '7. The digitization process i.e. the digital image has M rows and N columns, requires decisions about values for M, N, and for the number, L, of max gray levels is an integer power of 2 i.e. L = 2k, allowed for each pixel. If we assume that the discrete levels are equally spaced and that they are integers then they are in the interval __________ and Sometimes the range of values spanned by the gray scale is called the ________ of an image.', 2, 0, NULL),
(48, 0, '8. After digitization process a digital image with M rows and N columns have to be positive and for the number, L, max gray levels i.e. an integer power of 2 for each pixel. Then, the number b, of bits required to store a digitized image is:', 2, 0, NULL),
(49, 0, '9. An image whose gray-levels span a significant portion of gray scale have __________ dynamic range while an image with dull, washed out gray look have __________ dynamic range.', 2, 0, NULL),
(50, 0, '10. Validate the statement \"When in an Image an appreciable number of pixels exhibit high dynamic range, the image will have high contrast.\"', 2, 0, NULL),
(51, 0, '11. In digital image of M rows and N columns and L discrete gray levels, calculate the bits required to store a digitized image for M=N=32 and L=16.', 2, 0, NULL),
(52, 0, '1. A continuous image is digitised at _______ points.', 2, 0, NULL),
(53, 0, '2. The transition between continuous values of the image function and its digital equivalent is called ______________', 2, 0, NULL),
(54, 0, '3. Images quantised with insufficient brightness levels will lead to the occurrence of ____________', 2, 0, NULL),
(55, 0, '4. The smallest discernible change in intensity level is called ____________', 2, 0, NULL),
(56, 0, '5. What is the tool used in tasks such as zooming, shrinking, rotating, etc.?', 2, 0, NULL),
(57, 0, '6. The type of Interpolation where for each new location the intensity of the immediate pixel is assigned is ___________', 2, 0, NULL),
(58, 0, '7. The type of Interpolation where the intensity of the FOUR neighbouring pixels is used to obtain intensity a new location is called ___________', 2, 0, NULL),
(59, 0, '8. Dynamic range of imaging system is a ratio where the upper limit is determined by', 2, 0, NULL),
(60, 0, '9. For Dynamic range ratio the lower limit is determined by', 2, 0, NULL),
(61, 0, '10. Quantitatively, spatial resolution cannot be represented in which of the following ways', 2, 0, NULL),
(62, 0, '1. The most familiar single sensor used for Image Acquisition is', 2, 0, NULL),
(63, 0, '2. A geometry consisting of in-line arrangement of sensors for image acquisition', 2, 0, NULL),
(64, 0, '3. CAT in imaging stands for', 2, 0, NULL),
(65, 0, '4. The section of the real plane spanned by the coordinates of an image is called the _____________', 2, 0, NULL),
(66, 0, '5. The difference is intensity between the highest and the lowest intensity levels in an image is ___________', 2, 0, NULL),
(67, 0, '6. _____________ is the effect caused by the use of an insufficient number of intensity levels in smooth areas of a digital image.', 2, 0, NULL),
(68, 0, '7. The process of using known data to estimate values at unknown locations is called', 2, 0, NULL),
(69, 0, '8. Which of the following is NOT an application of Image Multiplication?', 2, 0, NULL),
(70, 0, '9. The procedure done on a digital image to alter the values of its individual pixels is', 2, 0, NULL),
(71, 0, '10. In Geometric Spacial Transformation, points whose locations are known precisely in input and reference images.', 2, 0, NULL),
(72, 0, '1. Of the following, _________ has the maximum frequency.', 2, 0, NULL),
(73, 0, '2. In the Visible spectrum the ______ colour has the maximum wavelength.', 2, 0, NULL),
(74, 0, '3. Wavelength and frequency are related as : (c = speed of light)', 2, 0, NULL),
(75, 0, '4. Electromagnetic waves can be visualised as a', 2, 0, NULL),
(76, 0, '5. How is radiance measured?', 2, 0, NULL),
(77, 0, '6. Which of the following is used for chest and dental scans?', 2, 0, NULL),
(78, 0, '7. Which of the following is impractical to measure?', 2, 0, NULL),
(79, 0, '8. Massless particle containing a certain amount of energy is called', 2, 0, NULL),
(80, 0, '9. What do you mean by achromatic light?', 2, 0, NULL),
(81, 0, '10. Which of the following embodies the achromatic notion of intensity?', 2, 0, NULL),
(82, 0, '1. How is array operation carried out involving one or more images?', 2, 0, NULL),
(83, 0, '2. The property indicating that the output of a linear operation due to the sum of two inputs is same as performing the operation on the inputs individually and then summing the results is called ___________', 2, 0, NULL),
(84, 0, '3. The property indicating that the output of a linear operation to a constant times as input is the same as the output of operation due to original input multiplied by that constant is called _________', 2, 0, NULL),
(85, 0, '4. Enhancement of differences between images is based on the principle of ____________', 2, 0, NULL),
(86, 0, '5. A commercial use of Image Subtraction is ___________', 2, 0, NULL),
(87, 0, '6. Region of Interest (ROI) operations is commonly called as ___________', 2, 0, NULL),
(88, 0, '7. If every element of a set A is also an element of a set B, then A is said to be a _________ of set B.', 2, 0, NULL),
(89, 0, '8. Consider two regions A and B composed of foreground pixels. The ________ of these two sets is the set of elements belonging to set A or set B or both.', 2, 0, NULL),
(90, 0, '9. Imaging systems having physical artefacts embedded in the imaging sensors produce a set of points called __________', 2, 0, NULL),
(91, 0, '10. Image processing approaches operating directly on pixels of input image work directly in ____________', 2, 0, NULL),
(92, 0, '1. Noise reduction is obtained by blurring the image using smoothing filter.', 2, 0, NULL),
(93, 0, '2. What is the output of a smoothing, linear spatial filter?', 2, 0, NULL),
(94, 0, '3. Smoothing linear filter is also known as median filter.', 2, 0, NULL),
(95, 0, '4. Which of the following in an image can be removed by using smoothing filter?', 2, 0, NULL),
(96, 0, '5. Which of the following is the disadvantage of using smoothing filter?', 2, 0, NULL),
(97, 0, '6. Smoothing spatial filters doesn\'t smooth the false contours.', 2, 0, NULL),
(98, 0, '7. The mask shown in the figure below belongs to which type of filter?\n\n1/16 * [1 2 1; 2 4 2; 1 2 1]', 2, 0, NULL),
(99, 0, '8. The mask shown in the figure below belongs to which type of filter?\n\n1/9 * [ 1 1 1; 1 1 1; 1 1 1]', 2, 0, NULL),
(100, 0, '9. Box filter is a type of smoothing filter.', 2, 0, NULL),
(101, 0, '10. If the size of the averaging filter used to smooth the original image to first image is 9, then what would be the size of the averaging filter used in smoothing the same original picture to second in second image?', 2, 0, NULL),
(102, 0, '11. Which of the following comes under the application of image blurring?', 2, 0, NULL),
(103, 0, '12. Which of the following filters response is based on ranking of pixels?', 2, 0, NULL),
(104, 0, '13. Median filter belongs to which category of filters?', 2, 0, NULL),
(105, 0, '14. Median filters are effective in the presence of impulse noise.', 2, 0, NULL),
(106, 0, '15. What is the maximum area of the cluster that can be eliminated by using an n×n median filter?', 2, 0, NULL),
(107, 0, '1. Which of the following expression is used to denote spatial domain process?', 2, 0, NULL),
(108, 0, '2. Which of the following shows three basic types of functions used frequently for image enhancement?', 2, 0, NULL),
(109, 0, '3. Which expression is obtained by performing the negative transformation on the negative of an image with gray levels in the range[0,L-1] ?', 2, 0, NULL),
(110, 0, '4. What is the general form of representation of log transformation?', 2, 0, NULL),
(111, 0, '5. What is the general form of representation of power transformation?', 2, 0, NULL),
(112, 0, '6. What is the name of process used to correct the power-law response phenomena?', 2, 0, NULL),
(113, 0, '7. Which of the following transformation function requires much information to be specified at the time of input?', 2, 0, NULL),
(114, 0, '8. In contrast stretching, if r1=s1 and r2=s2 then which of the following is true?', 2, 0, NULL),
(115, 0, '9. In contrast stretching, if r1=r2, s1=0 and s2=L-1 then which of the following is true?', 2, 0, NULL),
(116, 0, '10. In contrast stretching, if r1≤r2and s1≤s2 then which of the following is true?', 2, 0, NULL),
(117, 0, '11. In which type of slicing, highlighting a specific range of gray levels in an image often is desired?', 2, 0, NULL),
(118, 0, '12. Which of the following depicts the main functionality of the Bit-plane slicing?', 2, 0, NULL),
(119, 1, 'Which of the following is CORRECT about the Toast class? (Choose 3 answers)', 3, 0, NULL),
(120, 1, 'Which of the following is INCORRECT about the LogCat tool? (Choose 3 answers)', 3, 0, NULL),
(121, 0, 'Which of the following information CANNOT be included in the Manifest file?', 3, 0, NULL),
(122, 0, 'Which of the following classes should be extended to create a custom view?', 3, 0, NULL),
(123, 1, 'Which of the following is a correct constructer for ArrayAdapter? (Choose 3 answers)', 3, 0, NULL),
(124, 0, 'Which of the following Activity life-cycle methods is called once the activity is no longer visible?', 3, 0, NULL),
(125, 1, 'Which of the following is NOT a correct Android Manifest statement? (Choose 3 answers)', 3, 0, NULL),
(126, 0, 'What two methods you have to override when implementing Androif context menus?', 3, 0, NULL),
(127, 0, 'Which of the following Activity methods is invoked when the user clicks on an options menu item?', 3, 0, NULL),
(128, 0, 'Which of the following is the base class of all UI components?', 3, 0, NULL),
(129, 0, 'What are the main two types of threads in Android?', 3, 0, NULL),
(130, 0, 'Which of the following is true about method startActivity?', 3, 0, NULL),
(131, 0, 'Which of the following best explains the Android option menus?', 3, 0, NULL),
(132, 0, 'Which of the following perission is necessary for capturing geo-coordinates?', 3, 0, NULL),
(133, 0, 'CardView extends from which of the following:', 3, 0, NULL),
(134, 0, 'Which of the following adds a click listenes to items in a ListView?', 3, 0, NULL),
(135, 0, 'Which of the following is true about object arrayAdapter declared in the code below?\n\nString[]items = {\"Item 1\",\"Item 2\", \"Item 3\"};\nArrayAdapter<String>arrayAdapter = new ArrayAdapter<String>(this,android.R.layout.simple_list_item_1,items);\nlistView.setAdapter(arrayAdapter);', 3, 0, NULL),
(136, 0, 'Which folder contains XML files?', 3, 0, NULL),
(137, 1, 'Which of the following is NOT correct about XML layout files? (Choose 3 answers)', 3, 0, NULL),
(138, 0, 'The DalvikVM core libraries are a subset of which the following?', 3, 0, NULL),
(139, 1, 'Choose Android basic components (Choose 2 answers)', 3, 0, NULL),
(140, 0, 'In order to open screenB from screenA and receive data from screenB which sentence should we use?', 3, 0, NULL),
(141, 0, 'To reuse rows in ListView, we use', 3, 0, NULL),
(142, 0, 'The command to clear all data in a sharedPreference?', 3, 0, NULL),
(143, 0, 'Which layout has alignParent attribute?', 3, 0, NULL),
(144, 0, 'Which component respond to messages from Android system or application?', 3, 0, NULL),
(145, 1, 'Which callbacks happens when user puts Android app to background (Choose 2 answers)', 3, 0, NULL),
(146, 0, 'Where to declare libraries in Android application?', 3, 0, NULL),
(147, 1, 'What are components in MVVM architecture? (Choose 3 answers)', 3, 0, NULL),
(148, 1, 'Which method to change data in LiveData object (Choose 2 answers)', 3, 0, NULL),
(149, 1, 'What are components in Room? (Choose 3 answers)', 3, 0, NULL),
(150, 0, 'From Android 6.0, there is a difference in:', 3, 0, NULL),
(151, 0, 'What is software modelling?', 4, 0, NULL),
(152, 0, 'What is the Unified Modeling Language', 4, 0, NULL),
(153, 0, 'What is software architecture?', 4, 0, NULL),
(154, 0, 'What is a software design notation?', 4, 0, NULL),
(155, 0, 'What is a software design concept?', 4, 0, NULL),
(156, 0, 'What is a software design strategy?', 4, 0, NULL),
(157, 0, 'What are software structuring criteria?', 4, 0, NULL),
(158, 0, 'What is a software design method?', 4, 0, NULL),
(159, 0, 'How is an actor depicted on a use case diagram?', 4, 0, NULL),
(160, 0, 'How is a use case depicted on a use case diagram?', 4, 0, NULL),
(161, 0, 'How is a class depicted on a class diagram?', 4, 0, NULL),
(162, 0, 'How is an association depicted on a class diagram?', 4, 0, NULL),
(163, 0, 'How is public visibility depicted for a class element on a class diagram?', 4, 0, NULL),
(164, 0, 'What are the two kinds of UML interaction diagrams?', 4, 0, NULL),
(165, 0, 'What does an interaction diagram depict?', 4, 0, NULL),
(166, 0, 'What does a statechart diagram depict?', 4, 0, NULL),
(167, 0, 'What is a UML package?', 4, 0, NULL),
(168, 0, 'What does a deployment diagram depict?', 4, 0, NULL),
(169, 0, 'What is a software life cycle?', 4, 0, NULL),
(170, 0, 'What is the waterfall life cycle model?', 4, 0, NULL),
(171, 0, 'Which of the following is a limitation of the waterfall life cycle model?', 4, 0, NULL),
(172, 0, 'What is a platform-independent model (PIM)?', 4, 0, NULL),
(173, 0, 'What is a platform-specific model (PSM)?', 4, 0, NULL),
(174, 0, 'Which of the following approaches can overcome the limitation in the previous question?', 4, 0, NULL),
(175, 0, 'What is evolutionary prototyping?', 4, 0, NULL),
(176, 0, 'What approach does the spiral model emphasize?', 4, 0, NULL),
(177, 0, 'What is the goal of software validation?', 4, 0, NULL),
(178, 0, 'What is the goal of software verification?', 4, 0, NULL),
(179, 0, 'What is \"white box\" testing?', 4, 0, NULL),
(180, 0, 'What is \"black box\" testing?', 4, 0, NULL),
(181, 0, 'Which of the following are object-oriented concepts?', 4, 0, NULL),
(182, 0, 'Which of the following is a characteristic of an object?', 4, 0, NULL),
(183, 0, 'What is a class?', 4, 0, NULL),
(184, 0, 'What is an operation (also known as method) of a class?', 4, 0, NULL),
(185, 0, 'What is the signature of an operation?', 4, 0, NULL),
(186, 0, 'What is the interface of a class?', 4, 0, NULL),
(187, 0, 'What is an attribute?', 4, 0, NULL),
(188, 0, 'What is information hiding in software design?', 4, 0, NULL),
(189, 0, 'What is data abstraction?', 4, 0, NULL),
(190, 0, 'What is inheritance?', 4, 0, NULL),
(191, 0, 'What is carried out during requirements modelling?', 4, 0, NULL),
(192, 0, 'What is carried out during analysis modelling?', 4, 0, NULL),
(193, 0, 'What is carried out during design modelling?', 4, 0, NULL),
(194, 0, 'What is carried out during incremental software construction?', 4, 0, NULL),
(195, 0, 'What is carried out during incremental software integration?', 4, 0, NULL),
(196, 0, 'What is carried out during system testing?', 4, 0, NULL),
(197, 0, 'What is a use case?', 4, 0, NULL),
(198, 0, 'What is an actor in a use case?', 4, 0, NULL),
(199, 0, 'What is a primary actor?', 4, 0, NULL),
(200, 0, 'What is a secondary actor?', 4, 0, NULL),
(201, 0, 'What is an alternative sequence in a use case?', 4, 0, NULL),
(202, 0, 'What can an inclusion use case be used for?', 4, 0, NULL),
(203, 0, 'What can an extension use case be used for?', 4, 0, NULL),
(204, 0, 'What can an activity diagram be used for in use case modelling?', 4, 0, NULL),
(205, 0, 'How can a nonfunctional requirement be described in a use case model?', 4, 0, NULL),
(206, 0, 'What is a use case package?', 4, 0, NULL),
(207, 0, 'What is an attribute?', 4, 0, NULL),
(208, 0, 'What is an association?', 4, 0, NULL),
(209, 0, 'What is meant by the multiplicity of an association?', 4, 0, NULL),
(210, 0, 'What is an association class?', 4, 0, NULL),
(211, 0, 'What is a generalization/specialization hierarchy?', 4, 0, NULL),
(212, 0, 'What is a composition hierarchy?', 4, 0, NULL),
(213, 0, 'What is an aggregation hierarchy?', 4, 0, NULL),
(214, 0, 'What does the system context class diagram define?', 4, 0, NULL),
(215, 0, 'What is an entity class?', 4, 0, NULL),
(216, 0, 'What is a boundary object?', 4, 0, NULL),
(217, 0, 'What is a control object?', 4, 0, NULL),
(218, 0, 'What is a state-dependent control object?', 4, 0, NULL),
(219, 0, 'What is a coordinator object?', 4, 0, NULL),
(220, 0, 'How would you determine a boundary class from the context diagram?', 4, 0, NULL),
(221, 0, 'What is a timer object?', 4, 0, NULL),
(222, 0, 'What do class structuring criteria help with?', 4, 0, NULL),
(223, 0, 'What is the classification process for application classes analogous to?', 4, 0, NULL),
(224, 0, 'What is the purpose of a stereotype in class structuring?', 4, 0, NULL),
(225, 0, 'What is a business logic object?', 4, 0, NULL),
(226, 0, 'What is a condition used for in a state machine?', 4, 0, NULL),
(227, 0, 'What does an interaction diagram depict?', 4, 0, NULL),
(228, 0, 'How is an actor depicted on an interaction diagram?', 4, 0, NULL),
(229, 0, 'What does a sequence diagram depict?', 4, 0, NULL),
(230, 0, 'What does a communication diagram depict?', 4, 0, NULL),
(231, 0, 'What is the instance form of an interaction diagram?', 4, 0, NULL),
(232, 0, 'What is the generic form of an interaction diagram?', 4, 0, NULL),
(233, 0, 'Which of the following interactions could happen on an interaction diagram?', 4, 0, NULL),
(234, 0, 'Which of the following interactions is NOT likely to happen on an interaction diagram?', 4, 0, NULL),
(235, 0, 'What kind of object would be the first object to receive an input from an external object?', 4, 0, NULL),
(236, 0, 'What is a state in a state machine?', 4, 0, NULL),
(237, 0, 'What is an event in a state machine?', 4, 0, NULL),
(238, 0, 'What is an action in a state machine?', 4, 0, NULL),
(239, 0, 'What is an entry action in a state machine?', 4, 0, NULL),
(240, 0, 'What is an exit action in a state machine?', 4, 0, NULL),
(241, 0, 'What is a condition used for in a state machine?', 4, 0, NULL),
(242, 0, 'What is a state transition into a composite state equivalent to?', 4, 0, NULL),
(243, 0, 'What is a state transition out of a composite state equivalent to?', 4, 0, NULL),
(244, 0, 'How does a composite state relate to a substate?', 4, 0, NULL),
(245, 0, 'What does a state-dependent interaction involve?', 4, 0, NULL),
(246, 0, 'Which kind of object executes a state machine', 4, 0, NULL),
(247, 0, 'During dynamic interaction modeling, use cases are realized as follows:', 4, 0, NULL),
(248, 0, 'If two actions are shown on a given state transition, which of the following is true?', 4, 0, NULL),
(249, 0, 'An input message to a state-dependent control object corresponds to:', 4, 0, NULL),
(250, 0, 'An output message from a statedependent control object corresponds to:', 4, 0, NULL),
(251, 0, 'An interaction diagram should be developed for:', 4, 0, NULL),
(252, 0, 'Which of the following could happen on an interaction diagram?', 4, 0, NULL),
(253, 0, 'How would two state-dependent control objects communicate with each other?', 4, 0, NULL),
(254, 0, 'What does the software architecture describe?', 4, 0, NULL),
(255, 0, 'Which of the following statements is NOT true for a component?', 4, 0, NULL),
(256, 0, 'If the same state machine is used in more than one use case, how is this modelled on interaction diagrams?', 4, 0, NULL),
(257, 0, 'An object can send alternative messages a or b to a state-dependent control object. How is this handled in the state machine?', 4, 0, NULL),
(258, 0, 'In a system in which a client object executes a state machine and communicates with a service, which of the following is true?', 4, 0, NULL),
(259, 0, 'What is a structural view of a software architecture?', 4, 0, NULL),
(260, 0, 'What is a dynamic view of a software architecture?', 4, 0, NULL),
(261, 0, 'What is a deployment view of a software architecture?', 4, 0, NULL),
(262, 0, 'What is a software architectural pattern?', 4, 0, NULL),
(263, 0, 'What happens in a Layers of Abstraction pattern?', 4, 0, NULL),
(264, 0, 'What happens in a Call/Return pattern?', 4, 0, NULL),
(265, 0, 'A producer sends a message to a consumer. Which one of the following is asynchronous message communication?', 4, 0, NULL),
(266, 0, 'A producer sends a message to a consumer. Which one of the following is synchronous message communication with reply?', 4, 0, NULL),
(267, 0, 'What is an integrated communication diagram?', 4, 0, NULL),
(268, 0, 'Which of the following objects should be assigned to the same subsystem?', 4, 0, NULL),
(269, 0, 'Objects that are in geographically different locations should be:', 4, 0, NULL),
(270, 0, 'If scope of control is used in subsystem structuring, then:', 4, 0, NULL),
(271, 0, 'How should an external object be designed to interface to the system?', 4, 0, NULL),
(272, 0, 'A user interface subsystem is a type of:', 4, 0, NULL),
(273, 0, 'Which of the following objects are NOT likely to be in the same subsystem?', 4, 0, NULL),
(274, 0, 'Which of the following subsystems is NOT likely to be a client subsystem?', 4, 0, NULL),
(275, 0, 'When is a coordinator subsystem required?', 4, 0, NULL),
(276, 0, 'When is a control subsystem required?', 4, 0, NULL),
(277, 0, 'What is Machine learning?', 5, 0, NULL),
(278, 0, 'Which of the factors affect the performance of learner system does not include?', 5, 0, NULL),
(279, 0, 'Different learning methods does not include?', 5, 0, NULL),
(280, 0, 'In language understanding, the levels of knowledge that does not include?', 5, 0, NULL),
(281, 0, 'A model of language consists of the categories which does not include?', 5, 0, NULL),
(282, 0, 'What is a top-down parser?', 5, 0, NULL),
(283, 0, 'Among the following which is not a horn clause?', 5, 0, NULL),
(284, 0, 'The action ‘STACK(A, B)’ of a robot arm specify to _______________', 5, 0, NULL),
(285, 0, 'In LISP, the function returns the list that results after the first element is removed (the rest f the list), is __________', 5, 0, NULL),
(286, 0, 'Which of the following contains the output segments of Artificial Intelligence programming?', 5, 0, NULL),
(287, 0, 'LISP was created by?', 5, 0, NULL),
(288, 0, 'Expert Ease was developed under the direction of __________', 5, 0, NULL),
(289, 0, 'An Artificial Intelligence system developed by Terry A. Winograd to permit an interactive dialogue about a domain he called blocks-world.', 5, 0, NULL),
(290, 0, 'MLMenu, a natural language interface for the TI Explorer, is similar to __________', 5, 0, NULL),
(291, 0, 'Strong Artificial Intelligence is __________', 5, 0, NULL),
(292, 0, 'The traditional way to exit and LISP system is to enter __________', 5, 0, NULL),
(293, 0, 'In which of the following situations might a blind search be acceptable?', 5, 0, NULL),
(294, 0, 'What is Artificial intelligence?', 5, 0, NULL),
(295, 0, 'Which search method takes less memory?', 5, 0, NULL),
(296, 0, 'A heuristic is a way of trying __________', 5, 0, NULL),
(297, 0, 'How do you represent “All dogs have tails”?', 5, 0, NULL),
(298, 0, 'Which is not a property of representation of knowledge?', 5, 0, NULL),
(299, 0, 'A series of Artificial Intelligence systems, developed by Pat Langley to explore the role of heuristics in scientific discovery is ________', 5, 0, NULL),
(300, 0, 'A.M. turing developed a technique for determining whether a computer could or could not demonstrate the artificial Intelligence, Presently, this technique is called __________', 5, 0, NULL),
(301, 0, 'A Personal Consultant knowledge base contain information in the form of __________', 5, 0, NULL),
(302, 0, 'Which approach to speech recognition avoids the problem caused by the variation in speech patterns among different speakers?', 5, 0, NULL),
(303, 0, 'Which of the following, is a component of an expert system?', 5, 0, NULL),
(304, 0, 'A computer vision technique that relies on image templates is __________', 5, 0, NULL),
(305, 0, 'DARPA, the agency that has funded a great deal of American Artificial Intelligence research, is part of the Department of __________', 5, 0, NULL),
(306, 0, 'Which of these schools was not among the early leaders in Artificial Intelligence research?', 5, 0, NULL),
(307, 0, 'A certain Professor at the Stanford University coined the word ‘artificial intelligence’ in 1956 at a conference held at Dartmouth college. Can you name the Professor?', 5, 0, NULL),
(308, 0, 'In LISP, the function (copy-list <list>)', 5, 0, NULL),
(309, 0, ' Who is the “father” of artificial intelligence?', 5, 0, NULL),
(310, 0, 'In 1985, the famous chess player David Levy beat a world champion chess program in four straight games by using orthodox moves that confused the program. What was the name of the chess program?', 5, 0, NULL),
(311, 0, 'The explanation facility of an expert system may be used to __________', 5, 0, NULL),
(312, 0, 'A process that is repeated, evaluated, and refined is called __________', 5, 0, NULL),
(313, 0, 'Visual clues that are helpful in computer vision include __________', 5, 0, NULL),
(314, 0, NULL, 6, 0, NULL);

-- --------------------------------------------------------

--
-- Table structure for table `study_set`
--

CREATE TABLE `study_set` (
  `ssid` bigint(20) NOT NULL,
  `title` varchar(255) COLLATE utf8_unicode_ci DEFAULT NULL,
  `description` text CHARACTER SET utf8mb4 COLLATE utf8mb4_vietnamese_ci DEFAULT NULL,
  `cdate` timestamp NULL DEFAULT NULL,
  `udate` timestamp NULL DEFAULT current_timestamp() ON UPDATE current_timestamp(),
  `status` varchar(32) COLLATE utf8_unicode_ci DEFAULT NULL,
  `visible_to` int(1) NOT NULL,
  `visible_pass` varchar(32) COLLATE utf8_unicode_ci DEFAULT NULL,
  `editable_by` tinyint(1) NOT NULL,
  `editable_pass` varchar(32) COLLATE utf8_unicode_ci DEFAULT NULL
) ENGINE=InnoDB DEFAULT CHARSET=utf8 COLLATE=utf8_unicode_ci;

--
-- Dumping data for table `study_set`
--

INSERT INTO `study_set` (`ssid`, `title`, `description`, `cdate`, `udate`, `status`, `visible_to`, `visible_pass`, `editable_by`, `editable_pass`) VALUES
(1, 'Academic English: Writing', NULL, NULL, '2023-02-28 16:24:30', 'ACTIVE', 0, NULL, 1, NULL),
(2, 'IMP301', NULL, NULL, '2023-03-25 14:33:02', 'ACTIVE', 1, NULL, 1, NULL),
(3, 'PRM392 - Tổng hợp', NULL, NULL, '2023-03-30 02:14:46', 'ACTIVE', 0, NULL, 1, NULL),
(4, 'SWD392', NULL, '2023-03-31 01:58:10', '2023-03-31 03:33:15', 'ACTIVE', 0, NULL, 1, NULL),
(5, 'ML', 'This set of Artificial Intelligence Multiple Choice Questions (https://www.sanfoundry.com/artificial-intelligence-mcqs-machine-learning/)', '2023-04-01 03:02:41', '2023-04-01 05:27:37', 'ACTIVE', 0, NULL, 1, NULL),
(6, 'ENW492c (Writing Research Papers)', NULL, '2023-04-19 03:05:56', '2023-04-19 03:09:52', 'INPROGRESS', 0, NULL, 1, NULL);

--
-- Indexes for dumped tables
--

--
-- Indexes for table `account`
--
ALTER TABLE `account`
  ADD PRIMARY KEY (`account_id`);

--
-- Indexes for table `account_study_set`
--
ALTER TABLE `account_study_set`
  ADD PRIMARY KEY (`id`),
  ADD KEY `account_id` (`create_by`,`ss_id`),
  ADD KEY `ss_acc` (`ss_id`);

--
-- Indexes for table `learn_study_set`
--
ALTER TABLE `learn_study_set`
  ADD PRIMARY KEY (`learn_id`),
  ADD KEY `account_id` (`account_id`) USING BTREE,
  ADD KEY `ss_id` (`ss_id`);

--
-- Indexes for table `option_table`
--
ALTER TABLE `option_table`
  ADD PRIMARY KEY (`option_id`),
  ADD KEY `question_id` (`question_id`);

--
-- Indexes for table `question_table`
--
ALTER TABLE `question_table`
  ADD PRIMARY KEY (`question_id`),
  ADD KEY `ssid` (`ssid`);

--
-- Indexes for table `study_set`
--
ALTER TABLE `study_set`
  ADD PRIMARY KEY (`ssid`);

--
-- AUTO_INCREMENT for dumped tables
--

--
-- AUTO_INCREMENT for table `account`
--
ALTER TABLE `account`
  MODIFY `account_id` int(11) NOT NULL AUTO_INCREMENT, AUTO_INCREMENT=2;

--
-- AUTO_INCREMENT for table `account_study_set`
--
ALTER TABLE `account_study_set`
  MODIFY `id` int(11) NOT NULL AUTO_INCREMENT, AUTO_INCREMENT=7;

--
-- AUTO_INCREMENT for table `learn_study_set`
--
ALTER TABLE `learn_study_set`
  MODIFY `learn_id` bigint(20) NOT NULL AUTO_INCREMENT, AUTO_INCREMENT=5;

--
-- AUTO_INCREMENT for table `option_table`
--
ALTER TABLE `option_table`
  MODIFY `option_id` bigint(20) NOT NULL AUTO_INCREMENT, AUTO_INCREMENT=1247;

--
-- AUTO_INCREMENT for table `question_table`
--
ALTER TABLE `question_table`
  MODIFY `question_id` bigint(20) NOT NULL AUTO_INCREMENT, AUTO_INCREMENT=315;

--
-- AUTO_INCREMENT for table `study_set`
--
ALTER TABLE `study_set`
  MODIFY `ssid` bigint(20) NOT NULL AUTO_INCREMENT, AUTO_INCREMENT=7;

--
-- Constraints for dumped tables
--

--
-- Constraints for table `account_study_set`
--
ALTER TABLE `account_study_set`
  ADD CONSTRAINT `acc_ss` FOREIGN KEY (`create_by`) REFERENCES `account` (`account_id`) ON DELETE CASCADE ON UPDATE CASCADE,
  ADD CONSTRAINT `ss_acc` FOREIGN KEY (`ss_id`) REFERENCES `study_set` (`ssid`) ON DELETE CASCADE ON UPDATE CASCADE;

--
-- Constraints for table `learn_study_set`
--
ALTER TABLE `learn_study_set`
  ADD CONSTRAINT `acc_learn` FOREIGN KEY (`account_id`) REFERENCES `account` (`account_id`) ON DELETE CASCADE ON UPDATE CASCADE,
  ADD CONSTRAINT `ss_learn` FOREIGN KEY (`ss_id`) REFERENCES `study_set` (`ssid`) ON DELETE CASCADE ON UPDATE CASCADE;

--
-- Constraints for table `option_table`
--
ALTER TABLE `option_table`
  ADD CONSTRAINT `question_answer` FOREIGN KEY (`question_id`) REFERENCES `question_table` (`question_id`) ON DELETE CASCADE ON UPDATE CASCADE;

--
-- Constraints for table `question_table`
--
ALTER TABLE `question_table`
  ADD CONSTRAINT `study_set_question` FOREIGN KEY (`ssid`) REFERENCES `study_set` (`ssid`) ON DELETE CASCADE ON UPDATE CASCADE;
COMMIT;

/*!40101 SET CHARACTER_SET_CLIENT=@OLD_CHARACTER_SET_CLIENT */;
/*!40101 SET CHARACTER_SET_RESULTS=@OLD_CHARACTER_SET_RESULTS */;
/*!40101 SET COLLATION_CONNECTION=@OLD_COLLATION_CONNECTION */;
